ID,cateID,cate,name,size,shinsu,kousei,gaikei,teiko_20,juryo,kyoyo1,kyoyo_90,kyoyo_110,kiteiondo,saikouondo,maker,tanka,estimate,e_date,makerID
1,2,VCTF,NULL,0.3,2,12/0.18,4.6,62.9,,,,,,,富士電線,NULL,NULL,NULL,170
2,2,VCTF,NULL,0.5,2,20/0.18,5.8,37.8,45,9,,,,,富士電線,NULL,NULL,NULL,170
3,2,VCTF,NULL,0.75,2,30/0.18,6.6,25.1,60,11,,,,,富士電線,NULL,NULL,NULL,170
4,2,VCTF,NULL,1.25,2,50/0.18,7.4,15.1,80,16,,,,,富士電線,NULL,NULL,NULL,170
5,2,VCTF,NULL,2,2,37/0.26,8,9.79,100,20,,,,,富士電線,NULL,NULL,NULL,170
6,2,VCTF,NULL,3.5,2,45/0.32,9.4,5.24,100,20,,,,,富士電線,NULL,NULL,NULL,170
7,2,VCTF,NULL,0.3,3,12/0.18,4.8,62.9,,,,,,,富士電線,NULL,NULL,NULL,170
8,2,VCTF,NULL,0.5,3,20/0.18,6.1,37.8,55,7,,,,,富士電線,NULL,NULL,NULL,170
9,2,VCTF,NULL,0.75,3,30/0.18,7,25.1,75,10,,,,,富士電線,NULL,NULL,NULL,170
10,2,VCTF,NULL,1.25,3,50/0.18,7.8,15.1,100,13,,,,,富士電線,NULL,NULL,NULL,170
11,2,VCTF,NULL,2,3,37/0.26,8.5,9.79,125,17,,,,,富士電線,NULL,NULL,NULL,170
12,2,VCTF,NULL,3.5,3,45/0.32,10,5.24,125,17,,,,,富士電線,NULL,NULL,NULL,170
13,2,VCTF,NULL,0.3,4,12/0.18,5.2,62.9,,,,,,,富士電線,NULL,NULL,NULL,170
14,2,VCTF,NULL,0.5,4," 20/0.18   ",6.6,37.8,65,7,,,,,富士電線,NULL,NULL,NULL,170
15,2,VCTF,NULL,0.75,4, 30/0.18,7.6,25.1,90,9,,,,,富士電線,NULL,NULL,NULL,170
16,2,VCTF,NULL,1.25,4,"50/ 0.18",8.5,15.1,,,,,,,富士電線,NULL,NULL,NULL,170
17,2,VCTF,NULL,2,4, 37/0.26,9.3,9.79,155,15,,,,,富士電線,NULL,NULL,NULL,170
18,2,VCTF,NULL,3.5,4, 45/0.32,10.9,5.24,155,15,,,,,富士電線,NULL,NULL,NULL,170
19,2,VCTF,NULL,0.3,5,12/0.18,5.7,62.9,,,,,,,富士電線,NULL,NULL,NULL,170
20,2,VCTF,NULL,0.5,5,"20/ 0.18",7.1,37.8,80,6,,,,,富士電線,NULL,NULL,NULL,170
21,2,VCTF,NULL,0.75,5,"30/ 0.18",8.2,25.1,105,8,,,,,富士電線,NULL,NULL,NULL,170
22,2,VCTF,NULL,1.25,5,"50/ 0.18",9.3,15.1,145,11,,,,,富士電線,NULL,NULL,NULL,170
23,2,VCTF,NULL,2,5,"37/ 0.26",10.1,9.79,190,14,,,,,富士電線,NULL,NULL,NULL,170
24,2,VCTF,NULL,0.3,6,"12/ 0.18",6.1,62.9,,,,,,,富士電線,NULL,NULL,NULL,170
25,2,VCTF,NULL,0.5,6,"20/ 0.18",7.7,37.8,95,6,,,,,富士電線,NULL,NULL,NULL,170
26,2,VCTF,NULL,0.75,6,"30/ 0.18",8.9,25.1,125,8,,,,,富士電線,NULL,NULL,NULL,170
27,2,VCTF,NULL,1.25,6,50/0.18,10.1,15.1,175,11,,,,,富士電線,NULL,NULL,NULL,170
28,2,VCTF,NULL,2,6,"37/ 0.26",11,9.79,225,14,,,,,富士電線,NULL,NULL,NULL,170
29,2,VCTF,NULL,0.3,7,"12/ 0.18",6.1,62.9,,,,,,,富士電線,NULL,NULL,NULL,170
30,2,VCTF,NULL,0.5,7,"20/ 0.18",7.7,37.8,95,5,,,,,富士電線,NULL,NULL,NULL,170
31,2,VCTF,NULL,0.75,7,"30/ 0.18",8.9,25.1,130,7,,,,,富士電線,NULL,NULL,NULL,170
32,2,VCTF,NULL,1.25,7,"50/ 0.18",10.1,15.1,185,10,,,,,富士電線,NULL,NULL,NULL,170
33,2,VCTF,NULL,2,7,"37/ 0.26",11,9.79,240,13,,,,,富士電線,NULL,NULL,NULL,170
34,2,VCTF,NULL,0.3,8,"12/ 0.18",7,62.9,,,,,,,富士電線,NULL,NULL,NULL,170
35,2,VCTF,NULL,0.5,8,20/0.18,8.3,37.8,110,5,,,,,富士電線,NULL,NULL,NULL,170
36,2,VCTF,NULL,0.75,8,"30/ 0.18",9.6,25.1,150,7,,,,,富士電線,NULL,NULL,NULL,170
37,2,VCTF,NULL,1.25,8,"50/ 0.18",10.9,15.1,210,10,,,,,富士電線,NULL,NULL,NULL,170
38,2,VCTF,NULL,2,8,"37/ 0.26",11.9,9.79,275,12,,,,,富士電線,NULL,NULL,NULL,170
39,2,VCTF,NULL,0.3,10,"12/ 0.18",8,62.9,,,,,,,富士電線,NULL,NULL,NULL,170
40,2,VCTF,NULL,0.5,10,"20/ 0.18",9.6,37.8,125,5,,,,,富士電線,NULL,NULL,NULL,170
41,2,VCTF,NULL,0.75,10,"30/ 0.18",11.2,25.1,170,5,,,,,富士電線,NULL,NULL,NULL,170
42,2,VCTF,NULL,1.25,10,"50/ 0.18",12.8,15.1,240,9,,,,,富士電線,NULL,NULL,NULL,170
43,2,VCTF,NULL,2,10,"37/ 0.26",14.2,9.79,325,11,,,,,富士電線,NULL,NULL,NULL,170
44,2,VCTF,NULL,0.3,12,"12/ 0.18",8.2,62.9,,,,,,,富士電線,NULL,NULL,NULL,170
45,2,VCTF,NULL,0.5,12,"20/ 0.18",9.9,37.8,140,4,,,,,富士電線,NULL,NULL,NULL,170
46,2,VCTF,NULL,0.75,12,"30/ 0.18",11.6,25.1,195,5,,,,,富士電線,NULL,NULL,NULL,170
47,2,VCTF,NULL,1.25,12,"50/ 0.18",13.4,15.1,280,8,,,,,富士電線,NULL,NULL,NULL,170
48,2,VCTF,NULL,2,12,"37/ 0.26",14.7,9.79,375,11,,,,,富士電線,NULL,NULL,NULL,170
49,2,VCTF,NULL,0.3,16,"12/ 0.18",9.2,62.9,,,,,,,富士電線,NULL,NULL,NULL,170
50,2,VCTF,NULL,0.5,16,"20/ 0.18",11,37.8,175,4,,,,,富士電線,NULL,NULL,NULL,170
51,2,VCTF,NULL,0.75,16,"30/ 0.18",12.9,25.1,245,4,,,,,富士電線,NULL,NULL,NULL,170
52,2,VCTF,NULL,1.25,16,"50/ 0.18",15,15.1,355,7,,,,,富士電線,NULL,NULL,NULL,170
53,2,VCTF,NULL,2,16,"37/ 0.26",16.6,9.79,500,10,,,,,富士電線,NULL,NULL,NULL,170
54,2,VCTF,NULL,0.3,20,"12/ 0.18",9.9,62.9,,,,,,,富士電線,NULL,NULL,NULL,170
55,2,VCTF,NULL,0.5,20,"20/ 0.18",11.9,37.8,210,4,,,,,富士電線,NULL,NULL,NULL,170
56,2,VCTF,NULL,0.75,20,"30/ 0.18",14.3,25.1,300,4,,,,,富士電線,NULL,NULL,NULL,170
57,2,VCTF,NULL,1.25,20,"50/ 0.18",16.5,15.1,435,7,,,,,富士電線,NULL,NULL,NULL,170
58,2,VCTF,NULL,2,20,37/0.26,18,9.79,590,9,,,,,富士電線,NULL,NULL,NULL,170
59,2,VCTF,NULL,0.3,30,"12/ 0.18",11.7,62.9,,,,,,,富士電線,NULL,NULL,NULL,170
60,2,VCTF,NULL,0.5,30,"20/ 0.18",14.5,37.8,310,3,,,,,富士電線,NULL,NULL,NULL,170
61,2,VCTF,NULL,0.75,30,"30/ 0.18",17.3,25.1,445,3,,,,,富士電線,NULL,NULL,NULL,170
62,2,VCTF,NULL,2,30,"37/ 0.26",22.1,9.79,880,7,,,,,富士電線,NULL,NULL,NULL,170
63,2,VCTF,NULL,0.3,40,"12/ 0.18",13.1,62.9,,,,,,,富士電線,NULL,NULL,NULL,170
64,2,VCTF,NULL,0.5,40,"20/ 0.18",16.5,37.8,,,,,,,富士電線,NULL,NULL,NULL,170
65,2,VCTF,NULL,0.75,40,"30/ 0.18",19.7,25.1,,,,,,,富士電線,NULL,NULL,NULL,170
66,2,VCTF,NULL,1.25,40,"50/ 0.18",22.9,15.1,,,,,,,富士電線,NULL,NULL,NULL,170
67,2,VCTF,NULL,0.3,50,"12/ 0.18",14.5,62.9,,,,,,,富士電線,NULL,NULL,NULL,170
68,2,VCTF,NULL,0.5,50,"20/ 0.18",17.9,37.8,,,,,,,富士電線,NULL,NULL,NULL,170
69,2,VCTF,NULL,0.75,50,"30/ 0.18",21.6,25.1,,,,,,,富士電線,NULL,NULL,NULL,170
70,2,VCTF,NULL,1.25,50,"50/ 0.18",25.1,15.1,,,,,,,富士電線,NULL,NULL,NULL,170
71,1,VCT,NULL,0.75,2,30/0.18,8.8,25.1,105,12,,,,,富士電線,NULL,NULL,NULL,170
72,1,VCT,NULL,1.25,2,50/0.18,9.6,15.1,130,16,,,,,富士電線,NULL,NULL,NULL,170
73,1,VCT,NULL,2,2,37/0.26,10.4,9.79,160,22,,,,,富士電線,NULL,NULL,NULL,170
74,1,VCT,NULL,3.5,2,45/0.32,11.8,5.24,215,32,,,,,富士電線,NULL,NULL,NULL,170
75,1,VCT,NULL,5.5,2,70/0.32,14.2,3.37,320,41,,,,,富士電線,NULL,NULL,NULL,170
76,1,VCT,NULL,8,2,50/0.45,16.4,2.39,420,51,,,,,富士電線,NULL,NULL,NULL,170
77,1,VCT,NULL,14,2,88/0.45,20,1.36,660,71,,,,,富士電線,NULL,NULL,NULL,170
78,1,VCT,NULL,22,2,7/20/0.45,25,0.869,1070,95,,,,,富士電線,NULL,NULL,NULL,170
79,1,VCT,NULL,38,2,7/34/0.45,30.8,0.511,1660,130,,,,,富士電線,NULL,NULL,NULL,170
80,1,VCT,NULL,60,2,19/20/0.45,36.6,0.32,,,,,,,富士電線,NULL,NULL,NULL,170
81,1,VCT,NULL,0.75,3,30/0.18,9.2,25.1,115,10,,,,,富士電線,NULL,NULL,NULL,170
82,1,VCT,NULL,1.25,3,50/0.18,10.1,15.1,150,14,,,,,富士電線,NULL,NULL,NULL,170
83,1,VCT,NULL,2,3,37/0.26,10.9,9.79,185,19,,,,,富士電線,NULL,NULL,NULL,170
84,1,VCT,NULL,3.5,3,45/0.32,12.6,5.24,265,28,,,,,富士電線,NULL,NULL,NULL,170
85,1,VCT,NULL,5.5,3,70/0.32,15,3.37,385,36,,,,,富士電線,NULL,NULL,NULL,170
86,1,VCT,NULL,8,3,50/0.45,17.5,2.39,520,44,,,,,富士電線,NULL,NULL,NULL,170
87,1,VCT,NULL,14,3,88/0.45,21.4,1.36,830,62,,,,,富士電線,NULL,NULL,NULL,170
88,1,VCT,NULL,22,3,7/20/0.45,26.7,0.869,1340,83,,,,,富士電線,NULL,NULL,NULL,170
89,1,VCT,NULL,38,3,7/34/0.45,32.9,0.511,2090,110,,,,,富士電線,NULL,NULL,NULL,170
90,1,VCT,NULL,60,3,19/20/0.45,39.3,0.32,,,,,,,富士電線,NULL,NULL,NULL,170
91,1,VCT,NULL,100,3,19/34/0.45,48.7,0.188,,,,,,,富士電線,NULL,NULL,NULL,170
92,1,VCT,NULL,0.75,4,30/0.18,9.9,25.1,140,9,,,,,富士電線,NULL,NULL,NULL,170
93,1,VCT,NULL,1.25,4,50/0.18,11.1,15.1,180,13,,,,,富士電線,NULL,NULL,NULL,170
94,1,VCT,NULL,2,4,37/0.26,11.8,9.79,220,17,,,,,富士電線,NULL,NULL,NULL,170
95,1,VCT,NULL,3.5,4,45/0.32,13.9,5.24,330,25,,,,,富士電線,NULL,NULL,NULL,170
96,1,VCT,NULL,5.5,4,70/0.32,16.5,3.37,480,32,,,,,富士電線,NULL,NULL,NULL,170
97,1,VCT,NULL,8,4,50/0.45,19.3,2.39,640,39,,,,,富士電線,NULL,NULL,NULL,170
98,1,VCT,NULL,14,4,88/0.45,23.6,1.36,1020,55,,,,,富士電線,NULL,NULL,NULL,170
99,1,VCT,NULL,22,4,7/20/0.45,29.7,0.869,1660,74,,,,,富士電線,NULL,NULL,NULL,170
100,1,VCT,NULL,38,4,7/34/0.45,36.5,0.511,2620,100,,,,,富士電線,NULL,NULL,NULL,170
101,1,VCT,NULL,60,4,19/20/0.45,43.6,0.32,,,,,,,富士電線,NULL,NULL,NULL,170
102,1,VCT,NULL,0.75,5,30/0.18,10.9,25.1,165,9,,,,,富士電線,NULL,NULL,NULL,170
103,1,VCT,NULL,1.25,5,50/0.18,12.2,15.1,220,13,,,,,富士電線,NULL,NULL,NULL,170
104,1,VCT,NULL,2,5,37/0.26,13,9.79,270,17,,,,,富士電線,NULL,NULL,NULL,170
105,1,VCT,NULL,3.5,5,45/0.32,15.1,5.24,395,25,,,,,富士電線,NULL,NULL,NULL,170
106,1,VCT,NULL,5.5,5,70/0.32,18.2,3.37,585,32,,,,,富士電線,NULL,NULL,NULL,170
107,1,VCT,NULL,0.75,6,30/0.18,11.7,25.1,190,8,,,,,富士電線,NULL,NULL,NULL,170
108,1,VCT,NULL,1.25,6,50/0.18,13.1,15.1,255,11,,,,,富士電線,NULL,NULL,NULL,170
109,1,VCT,NULL,2,6,37/0.26,14.2,9.79,320,14,,,,,富士電線,NULL,NULL,NULL,170
110,1,VCT,NULL,3.5,6,45/0.32,16.5,5.24,470,21,,,,,富士電線,NULL,NULL,NULL,170
111,1,VCT,NULL,5.5,6,70/0.32,19.9,3.37,700,28,,,,,富士電線,NULL,NULL,NULL,170
112,1,VCT,NULL,0.75,7,30/0.18,11.7,25.1,200,8,,,,,富士電線,NULL,NULL,NULL,170
113,1,VCT,NULL,1.25,7,50/0.18,13.1,15.1,260,10,,,,,富士電線,NULL,NULL,NULL,170
114,1,VCT,NULL,2,7,37/0.26,14.2,9.79,335,13,,,,,富士電線,NULL,NULL,NULL,170
115,1,VCT,NULL,3.5,7,45/0.32,16.5,5.24,500,19,,,,,富士電線,NULL,NULL,NULL,170
116,1,VCT,NULL,5.5,7,70/0.32,19.9,3.37,740,26,,,,,富士電線,NULL,NULL,NULL,170
117,1,VCT,NULL,0.75,8,30/0.18,12.7,25.1,210,7,,,,,富士電線,NULL,NULL,NULL,170
118,1,VCT,NULL,1.25,8,50/0.18,14.2,15.1,280,10,,,,,富士電線,NULL,NULL,NULL,170
119,1,VCT,NULL,2,8,37/0.26,15.2,9.79,350,12,,,,,富士電線,NULL,NULL,NULL,170
120,1,VCT,NULL,3.5,8,45/0.32,18,5.24,530,18,,,,,富士電線,NULL,NULL,NULL,170
121,1,VCT,NULL,5.5,8,70/0.32,21.7,3.37,780,24,,,,,富士電線,NULL,NULL,NULL,170
122,1,VCT,NULL,0.75,10,30/0.18,14.9,25.1,265,7,,,,,富士電線,NULL,NULL,NULL,170
123,1,VCT,NULL,1.25,10,50/0.18,16.7,15.1,350,9,,,,,富士電線,NULL,NULL,NULL,170
124,1,VCT,NULL,2,10,37/0.26,18.1,9.79,450,11,,,,,富士電線,NULL,NULL,NULL,170
125,1,VCT,NULL,3.5,10,45/0.32,21.2,5.24,680,16,,,,,富士電線,NULL,NULL,NULL,170
126,1,VCT,NULL,0.75,12,30/0.18,15.5,25.1,295,6,,,,,富士電線,NULL,NULL,NULL,170
127,1,VCT,NULL,1.25,12,50/0.18,17.4,15.1,390,8,,,,,富士電線,NULL,NULL,NULL,170
128,1,VCT,NULL,2,12,37/0.26,18.6,9.79,500,11,,,,,富士電線,NULL,NULL,NULL,170
129,1,VCT,NULL,3.5,12,45/0.32,21.8,5.24,760,15,,,,,富士電線,NULL,NULL,NULL,170
130,1,VCT,NULL,0.75,16,30/0.18,16.9,25.1,,,,,,,富士電線,NULL,NULL,NULL,170
131,1,VCT,NULL,1.25,16,50/0.18,19.3,15.1,,,,,,,富士電線,NULL,NULL,NULL,170
132,1,VCT,NULL,2,16,37/0.26,20.9,9.79,,,,,,,富士電線,NULL,NULL,NULL,170
133,1,VCT,NULL,0.75,20,30/0.18,18.5,25.1,,,,,,,富士電線,NULL,NULL,NULL,170
134,1,VCT,NULL,1.25,20,50/0.18,21,15.1,,,,,,,富士電線,NULL,NULL,NULL,170
135,1,VCT,NULL,2,20,37/0.26,22.7,9.79,,,,,,,富士電線,NULL,NULL,NULL,170
136,1,VCT,NULL,0.75,30,30/0.18,22.4,25.1,,,,,,,富士電線,NULL,NULL,NULL,170
137,1,VCT,NULL,1.25,30,50/0.18,25.2,15.1,,,,,,,富士電線,NULL,NULL,NULL,170
138,1,VCT,NULL,2,30,37/0.26,27.5,9.79,,,,,,,富士電線,NULL,NULL,NULL,170
139,7,1CT,NULL,0.75,1,30/0.18,6.4,25.8,,,,,,60,富士電線,NULL,NULL,NULL,170
140,7,1CT,NULL,0.75,2,30/0.18,10.4,26.6,140,12,,,,60,富士電線,NULL,NULL,NULL,170
141,7,1CT,NULL,0.75,3,30/0.18,11,26.6,160,10,,,,60,富士電線,NULL,NULL,NULL,170
142,7,1CT,NULL,0.75,4,30/0.18,11.8,26.6,190,9,,,,60,富士電線,NULL,NULL,NULL,170
143,7,1CT,NULL,1.25,1,50/0.18,7,15.5,,,,,,60,富士電線,NULL,NULL,NULL,170
144,7,1CT,NULL,1.25,2,50/0.18,11.2,16,170,16,,,,60,富士電線,NULL,NULL,NULL,170
145,7,1CT,NULL,1.25,3,50/0.18,11.8,16,190,14,,,,60,富士電線,NULL,NULL,NULL,170
146,7,1CT,NULL,1.25,4,50/0.18,13,16,240,13,,,,60,富士電線,NULL,NULL,NULL,170
147,7,1CT,NULL,2,1,37/0.26,7.3,9.91,,,,,,60,富士電線,NULL,NULL,NULL,170
148,7,1CT,NULL,2,2,37/0.26,11.8,10.2,190,22,,,,60,富士電線,NULL,NULL,NULL,170
149,7,1CT,NULL,2,3,37/0.26,12.6,10.2,230,19,,,,60,富士電線,NULL,NULL,NULL,170
150,7,1CT,NULL,2,4,37/0.26,13.9,10.2,290,17,,,,60,富士電線,NULL,NULL,NULL,170
151,7,1CT,NULL,3.5,1,45/0.32,8,5.38,,,,,,60,富士電線,NULL,NULL,NULL,170
152,7,1CT,NULL,3.5,2,45/0.32,13.4,5.54,260,32,,,,60,富士電線,NULL,NULL,NULL,170
153,7,1CT,NULL,3.5,3,45/0.32,14.3,5.54,320,28,,,,60,富士電線,NULL,NULL,NULL,170
154,7,1CT,NULL,3.5,4,45/0.32,15.8,5.54,400,25,,,,60,富士電線,NULL,NULL,NULL,170
155,7,1CT,NULL,5.5,1,70/0.32,8.8,3.46,,,,,,60,富士電線,NULL,NULL,NULL,170
156,7,1CT,NULL,5.5,2,70/0.32,14.8,3.56,340,41,,,,60,富士電線,NULL,NULL,NULL,170
157,7,1CT,NULL,5.5,3,70/0.32,15.8,3.56,410,36,,,,60,富士電線,NULL,NULL,NULL,170
158,7,1CT,NULL,5.5,4,70/0.32,17.4,3.56,520,32,,,,60,富士電線,NULL,NULL,NULL,170
159,7,1CT,NULL,8,1,50/0.45,9.4,2.45,,,,,,60,富士電線,NULL,NULL,NULL,170
160,7,1CT,NULL,8,2,50/0.45,16.2,2.52,420,51,,,,60,富士電線,NULL,NULL,NULL,170
161,7,1CT,NULL,8,3,50/0.45,17.3,2.52,520,44,,,,60,富士電線,NULL,NULL,NULL,170
162,7,1CT,NULL,8,4,50/0.45,19.1,2.52,660,39,,,,60,富士電線,NULL,NULL,NULL,170
163,7,1CT,NULL,14,1,88/0.45,11.4,1.39,,,,,,60,富士電線,NULL,NULL,NULL,170
164,7,1CT,NULL,14,2,88/0.45,20.2,1.43,680,71,,,,60,富士電線,NULL,NULL,NULL,170
165,7,1CT,NULL,14,3,88/0.45,21.6,1.43,1070,62,,,,60,富士電線,NULL,NULL,NULL,170
166,7,1CT,NULL,14,4,88/0.45,24,1.43,1320,55,,,,60,富士電線,NULL,NULL,NULL,170
167,7,1CT,NULL,22,1,7/20/0.45,13.7,0.892,,,,,,60,富士電線,NULL,NULL,NULL,170
168,7,1CT,NULL,22,2,7/20/0.45,24.6,0.919,,,,,,60,富士電線,NULL,NULL,NULL,170
169,7,1CT,NULL,22,3,7/20/0.45,26.3,0.919,1520,83,,,,60,富士電線,NULL,NULL,NULL,170
170,7,1CT,NULL,22,4,7/20/0.45,29.2,0.919,1850,74,,,,60,富士電線,NULL,NULL,NULL,170
171,7,1CT,NULL,30,1,7/27/0.45,15.8,0.661,,,,,,60,富士電線,NULL,NULL,NULL,170
172,7,1CT,NULL,30,2,7/27/0.45,29,0.681,,,,,,60,富士電線,NULL,NULL,NULL,170
173,7,1CT,NULL,30,3,7/27/0.45,31,0.681,,,,,,60,富士電線,NULL,NULL,NULL,170
174,7,1CT,NULL,30,4,7/27/0.45,34.4,0.681,,,,,,60,富士電線,NULL,NULL,NULL,170
175,7,1CT,NULL,38,1,7/34/0.45,17,0.525,580,165,,,,60,富士電線,NULL,NULL,NULL,170
176,7,1CT,NULL,38,2,7/34/0.45,31.2,0.541,,,,,,60,富士電線,NULL,NULL,NULL,170
177,7,1CT,NULL,38,3,7/34/0.45,33.6,0.541,2360,110,,,,60,富士電線,NULL,NULL,NULL,170
178,7,1CT,NULL,38,4,7/34/0.45,37.2,0.541,3030,100,,,,60,富士電線,NULL,NULL,NULL,170
179,7,1CT,NULL,50,1,19/16/0.45,18.3,0.411,,,,,,60,富士電線,NULL,NULL,NULL,170
180,7,1CT,NULL,50,2,19/16/0.45,34.2,0.423,,,,,,60,富士電線,NULL,NULL,NULL,170
181,7,1CT,NULL,50,3,19/16/0.45,36.6,0.423,,,,,,60,富士電線,NULL,NULL,NULL,170
182,7,1CT,NULL,50,4,19/16/0.45,40.8,0.423,,,,,,60,富士電線,NULL,NULL,NULL,170
183,7,1CT,NULL,60,1,19/20/0.45,19.8,0.329,1020,225,,,,60,富士電線,NULL,NULL,NULL,170
184,7,1CT,NULL,60,2,19/20/0.45,37.2,0.339,1020,225,,,,60,富士電線,NULL,NULL,NULL,170
185,7,1CT,NULL,60,3,19/20/0.45,39.8,0.339,3220,150,,,,60,富士電線,NULL,NULL,NULL,170
186,7,1CT,NULL,60,4,19/20/0.45,44.3,0.339,4300,135,,,,60,富士電線,NULL,NULL,NULL,170
187,7,1CT,NULL,80,1,19/27/0.45,23,0.243,1330,270,,,,60,富士電線,NULL,NULL,NULL,170
188,7,1CT,NULL,80,2,19/27/0.45,43.4,0.25,,,,,,60,富士電線,NULL,NULL,NULL,170
189,7,1CT,NULL,80,3,19/27/0.45,46.6,0.25,,,,,,60,富士電線,NULL,NULL,NULL,170
190,7,1CT,NULL,80,4,19/27/0.45,51.9,0.25,,,,,,60,富士電線,NULL,NULL,NULL,170
191,7,1CT,NULL,100,1,19/34/0.45,24.9,0.193,1600,315,,,,60,富士電線,NULL,NULL,NULL,170
192,7,1CT,NULL,100,2,19/34/0.45,47.4,0.199,,,,,,60,富士電線,NULL,NULL,NULL,170
193,7,1CT,NULL,100,3,19/34/0.45,50.9,0.193,5870,215,,,,60,富士電線,NULL,NULL,NULL,170
194,7,1CT,NULL,100,4,19/34/0.45,56.6,0.199,7280,195,,,,60,富士電線,NULL,NULL,NULL,170
195,7,1CT,NULL,125,1,19/42/0.45,26.5,0.15,1870,365,,,,60,富士電線,NULL,NULL,NULL,170
196,7,1CT,NULL,125,2,19/42/0.45,50.8,0.161,,,,,,60,富士電線,NULL,NULL,NULL,170
197,7,1CT,NULL,125,3,19/42/0.45,54.7,0.161,,,,,,60,富士電線,NULL,NULL,NULL,170
198,7,1CT,NULL,125,4,19/42/0.45,60.8,0.161,,,,,,60,富士電線,NULL,NULL,NULL,170
199,7,1CT,NULL,150,1,27/34/0.45,30.2,0.131,2260,410,,,,60,富士電線,NULL,NULL,NULL,170
200,7,1CT,NULL,150,2,27/34/0.45,58,0.14,,,,,,60,富士電線,NULL,NULL,NULL,170
201,7,1CT,NULL,150,3,27/34/0.45,62.2,0.131,8650,265,,,,60,富士電線,NULL,NULL,NULL,170
202,7,1CT,NULL,200,1,37/34/0.45,33.1,0.0954,2900,480,,,,60,富士電線,NULL,NULL,NULL,170
203,8,2CT,NULL,0.75,1,30/0.18,6.4,25.8,,,,,,60,富士電線,NULL,NULL,NULL,170
204,8,2CT,NULL,0.75,2,30/0.18,10.4,26.6,,,,,,60,富士電線,NULL,NULL,NULL,170
205,8,2CT,NULL,0.75,3,30/0.18,11,26.6,,,,,,60,富士電線,NULL,NULL,NULL,170
206,8,2CT,NULL,0.75,4,30/0.18,11.8,26.6,,,,,,60,富士電線,NULL,NULL,NULL,170
207,8,2CT,NULL,1.25,1,50/0.18,7,15.5,,,,,,60,富士電線,NULL,NULL,NULL,170
208,8,2CT,NULL,1.25,2,50/0.18,11.2,16,,,,,,60,富士電線,NULL,NULL,NULL,170
209,8,2CT,NULL,1.25,3,50/0.18,11.8,16,,,,,,60,富士電線,NULL,NULL,NULL,170
210,8,2CT,NULL,1.25,4,50/0.18,13,16,,,,,,60,富士電線,NULL,NULL,NULL,170
211,8,2CT,NULL,2,1,37/0.26,7.3,9.91,,,,,,60,富士電線,NULL,NULL,NULL,170
212,8,2CT,NULL,2,2,37/0.26,11.8,10.2,,,,,,60,富士電線,NULL,NULL,NULL,170
213,8,2CT,NULL,2,3,37/0.26,12.6,10.2,,,,,,60,富士電線,NULL,NULL,NULL,170
214,8,2CT,NULL,2,4,37/0.26,13.9,10.2,,,,,,60,富士電線,NULL,NULL,NULL,170
215,8,2CT,NULL,3.5,1,45/0.32,8,5.38,,,,,,60,富士電線,NULL,NULL,NULL,170
216,8,2CT,NULL,3.5,2,45/0.32,13.4,5.54,,,,,,60,富士電線,NULL,NULL,NULL,170
217,8,2CT,NULL,3.5,3,45/0.32,14.3,5.54,,,,,,60,富士電線,NULL,NULL,NULL,170
218,8,2CT,NULL,3.5,4,45/0.32,15.8,5.54,,,,,,60,富士電線,NULL,NULL,NULL,170
219,8,2CT,NULL,5.5,1,70/0.32,8.8,3.46,,,,,,60,富士電線,NULL,NULL,NULL,170
220,8,2CT,NULL,5.5,2,70/0.32,14.8,3.56,,,,,,60,富士電線,NULL,NULL,NULL,170
221,8,2CT,NULL,5.5,3,70/0.32,15.8,3.56,,,,,,60,富士電線,NULL,NULL,NULL,170
222,8,2CT,NULL,5.5,4,70/0.32,17.4,3.56,,,,,,60,富士電線,NULL,NULL,NULL,170
223,8,2CT,NULL,8,1,50/0.45,9.4,2.45,,,,,,60,富士電線,NULL,NULL,NULL,170
224,8,2CT,NULL,8,2,50/0.45,16.2,2.52,,,,,,60,富士電線,NULL,NULL,NULL,170
225,8,2CT,NULL,8,3,50/0.45,17.3,2.52,,,,,,60,富士電線,NULL,NULL,NULL,170
226,8,2CT,NULL,8,4,50/0.45,19.1,2.52,,,,,,60,富士電線,NULL,NULL,NULL,170
227,8,2CT,NULL,14,1,88/0.45,11.4,1.39,,,,,,60,富士電線,NULL,NULL,NULL,170
228,8,2CT,NULL,14,2,88/0.45,20.2,1.43,,,,,,60,富士電線,NULL,NULL,NULL,170
229,8,2CT,NULL,14,3,88/0.45,21.6,1.43,,,,,,60,富士電線,NULL,NULL,NULL,170
230,8,2CT,NULL,14,4,88/0.45,24,1.43,,,,,,60,富士電線,NULL,NULL,NULL,170
231,8,2CT,NULL,22,1,7/20/0.45,13.7,0.892,,,,,,60,富士電線,NULL,NULL,NULL,170
232,8,2CT,NULL,22,2,7/20/0.45,24.6,0.919,,,,,,60,富士電線,NULL,NULL,NULL,170
233,8,2CT,NULL,22,3,7/20/0.45,26.3,0.919,,,,,,60,富士電線,NULL,NULL,NULL,170
234,8,2CT,NULL,22,4,7/20/0.45,29.2,0.919,,,,,,60,富士電線,NULL,NULL,NULL,170
235,8,2CT,NULL,30,1,7/27/0.45,15.8,0.661,,,,,,60,富士電線,NULL,NULL,NULL,170
236,8,2CT,NULL,30,2,7/27/0.45,29,0.681,,,,,,60,富士電線,NULL,NULL,NULL,170
237,8,2CT,NULL,30,3,7/27/0.45,31,0.681,,,,,,60,富士電線,NULL,NULL,NULL,170
238,8,2CT,NULL,30,4,7/27/0.45,34.4,0.681,,,,,,60,富士電線,NULL,NULL,NULL,170
239,8,2CT,NULL,38,1,7/34/0.45,17,0.525,,,,,,60,富士電線,NULL,NULL,NULL,170
240,8,2CT,NULL,38,2,7/34/0.45,31.2,0.541,,,,,,60,富士電線,NULL,NULL,NULL,170
241,8,2CT,NULL,38,3,7/34/0.45,33.6,0.541,,,,,,60,富士電線,NULL,NULL,NULL,170
242,8,2CT,NULL,38,4,7/34/0.45,37.2,0.541,,,,,,60,富士電線,NULL,NULL,NULL,170
243,8,2CT,NULL,50,1,19/16/0.45,18.3,0.411,,,,,,60,富士電線,NULL,NULL,NULL,170
244,8,2CT,NULL,50,2,19/16/0.45,34.2,0.423,,,,,,60,富士電線,NULL,NULL,NULL,170
245,8,2CT,NULL,50,3,19/16/0.45,36.6,0.423,,,,,,60,富士電線,NULL,NULL,NULL,170
246,8,2CT,NULL,50,4,19/16/0.45,40.8,0.423,,,,,,60,富士電線,NULL,NULL,NULL,170
247,8,2CT,NULL,60,1,19/20/0.45,19.8,0.329,,,,,,60,富士電線,NULL,NULL,NULL,170
248,8,2CT,NULL,60,2,19/20/0.45,37.2,0.339,,,,,,60,富士電線,NULL,NULL,NULL,170
249,8,2CT,NULL,60,3,19/20/0.45,39.8,0.339,,,,,,60,富士電線,NULL,NULL,NULL,170
250,8,2CT,NULL,60,4,19/20/0.45,44.3,0.339,,,,,,60,富士電線,NULL,NULL,NULL,170
251,8,2CT,NULL,80,1,19/27/0.45,23,0.243,,,,,,60,富士電線,NULL,NULL,NULL,170
252,8,2CT,NULL,80,2,19/27/0.45,43.4,0.25,,,,,,60,富士電線,NULL,NULL,NULL,170
253,8,2CT,NULL,80,3,19/27/0.45,46.6,0.25,,,,,,60,富士電線,NULL,NULL,NULL,170
254,8,2CT,NULL,80,4,19/27/0.45,51.9,0.25,,,,,,60,富士電線,NULL,NULL,NULL,170
255,8,2CT,NULL,100,1,19/34/0.45,24.9,0.193,,,,,,60,富士電線,NULL,NULL,NULL,170
256,8,2CT,NULL,100,2,19/34/0.45,47.4,0.199,,,,,,60,富士電線,NULL,NULL,NULL,170
257,8,2CT,NULL,100,3,19/34/0.45,50.9,0.199,,,,,,60,富士電線,NULL,NULL,NULL,170
258,8,2CT,NULL,100,4,19/34/0.45,56.6,0.199,,,,,,60,富士電線,NULL,NULL,NULL,170
259,8,2CT,NULL,125,1,19/42/0.45,26.5,0.15,,,,,,60,富士電線,NULL,NULL,NULL,170
260,8,2CT,NULL,125,2,19/42/0.45,50.8,0.161,,,,,,60,富士電線,NULL,NULL,NULL,170
261,8,2CT,NULL,125,3,19/42/0.45,54.7,0.161,,,,,,60,富士電線,NULL,NULL,NULL,170
262,8,2CT,NULL,125,4,19/42/0.45,60.8,0.161,,,,,,60,富士電線,NULL,NULL,NULL,170
263,8,2CT,NULL,150,1,27/34/0.45,30.2,0.131,,,,,,60,富士電線,NULL,NULL,NULL,170
264,8,2CT,NULL,150,2,27/34/0.45,58,0.14,,,,,,60,富士電線,NULL,NULL,NULL,170
265,8,2CT,NULL,150,3,27/34/0.45,62.2,0.14,,,,,,60,富士電線,NULL,NULL,NULL,170
266,8,2CT,NULL,200,1,37/34/0.45,33.1,0.0954,,,,,,60,富士電線,NULL,NULL,NULL,170
267,9,2PNCT,NULL,0.75,1,30/0.18,5.8,25.8,,,,,,75,富士電線,NULL,NULL,NULL,170
268,9,2PNCT,NULL,0.75,2,30/0.18,9,26.6,100,15,,,,75,富士電線,NULL,NULL,NULL,170
269,9,2PNCT,NULL,0.75,3,30/0.18,9.4,26.6,110,13,,,,75,富士電線,NULL,NULL,NULL,170
270,9,2PNCT,NULL,0.75,4,30/0.18,10.4,26.6,140,11,,,,75,富士電線,NULL,NULL,NULL,170
271,9,2PNCT,NULL,0.75,6,30/0.18,12.5,26.6,272.5,9,,,,75,富士電線,NULL,NULL,NULL,170
272,9,2PNCT,NULL,0.75,9,30/0.18,15.5,26.6,435,8,,,,75,富士電線,NULL,NULL,NULL,170
273,9,2PNCT,NULL,0.75,10,30/0.18,16.5,26.6,490,7,,,,75,富士電線,NULL,NULL,NULL,170
274,9,2PNCT,NULL,1.25,1,50/0.18,6.2,15.5,,,,,,75,富士電線,NULL,NULL,NULL,170
275,9,2PNCT,NULL,1.25,2,50/0.18,9.8,16,120,20,,,,75,富士電線,NULL,NULL,NULL,170
276,9,2PNCT,NULL,1.25,3,50/0.18,10.5,16,147,18,,,,75,富士電線,NULL,NULL,NULL,170
277,9,2PNCT,NULL,1.25,4,50/0.18,11.3,16,174,16,,,,75,富士電線,NULL,NULL,NULL,170
278,9,2PNCT,NULL,1.25,6,50/0.18,13.5,16,295,13,,,,75,富士電線,NULL,NULL,NULL,170
279,9,2PNCT,NULL,2,1,37/0.26,6.5,9.91,,,,,,75,富士電線,NULL,NULL,NULL,170
280,9,2PNCT,NULL,2,2,37/0.26,10.6,10.2,150,28,,,,75,富士電線,NULL,NULL,NULL,170
281,9,2PNCT,NULL,2,3,37/0.26,11.1,10.2,176,24,,,,75,富士電線,NULL,NULL,NULL,170
282,9,2PNCT,NULL,2,4,37/0.26,12.2,10.2,218,22,,,,75,富士電線,NULL,NULL,NULL,170
283,9,2PNCT,NULL,3.5,1,45/0.32,7.4,5.38,,,,,,75,富士電線,NULL,NULL,NULL,170
284,9,2PNCT,NULL,3.5,2,45/0.32,12.2,5.54,210,41,,,,75,富士電線,NULL,NULL,NULL,170
285,9,2PNCT,NULL,3.5,3,45/0.32,12.9,5.54,257,36,,,,75,富士電線,NULL,NULL,NULL,170
286,9,2PNCT,NULL,3.5,4,45/0.32,14.1,5.54,317,32,,,,75,富士電線,NULL,NULL,NULL,170
287,9,2PNCT,NULL,5.5,1,70/0.32,8.4,3.46,,,,,,75,富士電線,NULL,NULL,NULL,170
288,9,2PNCT,NULL,5.5,2,70/0.32,14.4,3.56,310,53,,,,75,富士電線,NULL,NULL,NULL,170
289,9,2PNCT,NULL,5.5,3,70/0.32,15.2,3.56,373,46,,,,75,富士電線,NULL,NULL,NULL,170
290,9,2PNCT,NULL,5.5,4,70/0.32,16.8,3.56,469,41,,,,75,富士電線,NULL,NULL,NULL,170
291,9,2PNCT,NULL,8,1,50/0.45,9.2,2.45,,,,,,75,富士電線,NULL,NULL,NULL,170
292,9,2PNCT,NULL,8,2,50/0.45,15.8,2.52,385,65,,,,75,富士電線,NULL,NULL,NULL,170
293,9,2PNCT,NULL,8,3,50/0.45,16.7,2.52,474,56,,,,75,富士電線,NULL,NULL,NULL,170
294,9,2PNCT,NULL,8,4,50/0.45,18.4,2.52,596,50,,,,75,富士電線,NULL,NULL,NULL,170
295,9,2PNCT,NULL,14,1,88/0.45,10.6,1.39,220,113,,,,75,富士電線,NULL,NULL,NULL,170
296,9,2PNCT,NULL,14,2,88/0.45,18.4,1.43,,,,,,75,富士電線,NULL,NULL,NULL,170
297,9,2PNCT,NULL,14,3,88/0.45,19.7,1.43,910,80,,,,75,富士電線,NULL,NULL,NULL,170
298,9,2PNCT,NULL,14,4,88/0.45,21.7,1.43,1160,71,,,,75,富士電線,NULL,NULL,NULL,170
299,9,2PNCT,NULL,22,1,7/20/0.45,13.1,0.892,326,148,,,,75,富士電線,NULL,NULL,NULL,170
300,9,2PNCT,NULL,22,2,7/20/0.45,23.6,0.919,,,,,,75,富士電線,NULL,NULL,NULL,170
301,9,2PNCT,NULL,22,3,7/20/0.45,25.2,0.919,1430,107,,,,75,富士電線,NULL,NULL,NULL,170
302,9,2PNCT,NULL,22,4,7/20/0.45,28.1,0.919,1750,95,,,,75,富士電線,NULL,NULL,NULL,170
303,9,2PNCT,NULL,30,1,7/27/0.45,14.4,0.661,,,,,,75,富士電線,NULL,NULL,NULL,170
304,9,2PNCT,NULL,30,2,7/27/0.45,26.2,0.681,,,,,,75,富士電線,NULL,NULL,NULL,170
305,9,2PNCT,NULL,30,3,7/27/0.45,28,0.681,,,,,,75,富士電線,NULL,NULL,NULL,170
306,9,2PNCT,NULL,30,4,7/27/0.45,31.1,0.681,,,,,,75,富士電線,NULL,NULL,NULL,170
307,9,2PNCT,NULL,38,1,7/34/0.45,15.6,0.525,502,213,,,,75,富士電線,NULL,NULL,NULL,170
308,9,2PNCT,NULL,38,2,7/34/0.45,28.4,0.541,,,,,,75,富士電線,NULL,NULL,NULL,170
309,9,2PNCT,NULL,38,3,7/34/0.45,30.4,0.541,2080,142,,,,75,富士電線,NULL,NULL,NULL,170
310,9,2PNCT,NULL,38,4,7/34/0.45,33.7,0.541,2600,129,,,,75,富士電線,NULL,NULL,NULL,170
311,9,2PNCT,NULL,50,1,19/16/0.45,17.7,0.411,,,,,,75,富士電線,NULL,NULL,NULL,170
312,9,2PNCT,NULL,50,2,19/16/0.45,32.8,0.423,,,,,,75,富士電線,NULL,NULL,NULL,170
313,9,2PNCT,NULL,50,3,19/16/0.45,35.1,0.423,,,,,,75,富士電線,NULL,NULL,NULL,170
314,9,2PNCT,NULL,50,4,19/16/0.45,38.9,0.423,,,,,,75,富士電線,NULL,NULL,NULL,170
315,9,2PNCT,NULL,60,1,19/20/0.45,19.2,0.329,960,290,,,,75,富士電線,NULL,NULL,NULL,170
316,9,2PNCT,NULL,60,2,19/20/0.45,35.6,0.339,,,,,,75,富士電線,NULL,NULL,NULL,170
317,9,2PNCT,NULL,60,3,19/20/0.45,38.3,0.339,3180,193,,,,75,富士電線,NULL,NULL,NULL,170
318,9,2PNCT,NULL,60,4,19/20/0.45,42.4,0.339,3990,174,,,,75,富士電線,NULL,NULL,NULL,170
319,9,2PNCT,NULL,80,1,19/27/0.45,22.4,0.243,1300,348,,,,75,富士電線,NULL,NULL,NULL,170
320,9,2PNCT,NULL,80,2,19/27/0.45,42,0.25,,,,,,75,富士電線,NULL,NULL,NULL,170
321,9,2PNCT,NULL,80,3,19/27/0.45,45.1,0.25,,,,,,75,富士電線,NULL,NULL,NULL,170
322,9,2PNCT,NULL,80,4,19/27/0.45,50.2,0.25,,,,,,75,富士電線,NULL,NULL,NULL,170
323,9,2PNCT,NULL,100,1,19/34/0.45,24.3,0.193,1590,406,,,,75,富士電線,NULL,NULL,NULL,170
324,9,2PNCT,NULL,100,2,19/34/0.45,45.8,0.199,,,,,,75,富士電線,NULL,NULL,NULL,170
325,9,2PNCT,NULL,100,3,19/34/0.45,49.2,0.199,5500,265,,,,75,富士電線,NULL,NULL,NULL,170
326,9,2PNCT,NULL,100,4,19/34/0.45,54.9,0.199,6860,240,,,,75,富士電線,NULL,NULL,NULL,170
327,9,2PNCT,NULL,125,1,19/42/0.45,26.5,0.15,,,,,,75,富士電線,NULL,NULL,NULL,170
328,9,2PNCT,NULL,125,2,19/42/0.45,50.4,0.161,,,,,,75,富士電線,NULL,NULL,NULL,170
329,9,2PNCT,NULL,125,3,19/42/0.45,54.1,0.161,,,,,,75,富士電線,NULL,NULL,NULL,170
330,9,2PNCT,NULL,125,4,19/42/0.45,60.3,0.161,,,,,,75,富士電線,NULL,NULL,NULL,170
331,9,2PNCT,NULL,150,1,27/34/0.45,28.6,0.131,2140,525,,,,75,富士電線,NULL,NULL,NULL,170
332,9,2PNCT,NULL,150,2,27/34/0.45,54.8,0.14,,,,,,75,富士電線,NULL,NULL,NULL,170
333,9,2PNCT,NULL,150,3,27/34/0.45,58.8,0.14,7450,340,,,,75,富士電線,NULL,NULL,NULL,170
334,9,2PNCT,NULL,200,1,37/34/0.45,31.7,0.0954,2810,615,,,,75,富士電線,NULL,NULL,NULL,170
335,9,2PNCT,NULL,250,1,37/42/0.45,35,0.0803,3290,695,,,,75,富士電線,NULL,NULL,NULL,170
336,9,2PNCT,NULL,325,1,37/55/0.45,39,0.0614,4340,800,,,,75,富士電線,NULL,NULL,NULL,170
337,3,CV,NULL,2,1,7/0.6,6.4,9.24,55,31,,,40,60,住電日立,NULL,NULL,NULL,170
338,3,CV,NULL,3.5,1,7/0.8,7,5.2,74,44,,,40,,住電日立,NULL,NULL,NULL,170
339,3,CV,NULL,5.5,1,7/1.0,8,3.33,105,58,,,40,,住電日立,NULL,NULL,NULL,170
340,3,CV,NULL,8,1,7/1.2,8.6,2.31,130,72,,,40,,住電日立,NULL,NULL,NULL,170
341,3,CV,NULL,14,1,円形圧縮,9.4,1.31,195,100,,,40,,住電日立,NULL,NULL,NULL,170
342,3,CV,NULL,22,1,円形圧縮,11,0.832,280,130,,,40,,住電日立,NULL,NULL,NULL,170
343,3,CV,NULL,38,1,円形圧縮,13,0.481,445,190,,,40,,住電日立,NULL,NULL,NULL,170
344,3,CV,NULL,60,1,円形圧縮,15.5,0.305,655,255,,,40,,住電日立,NULL,NULL,NULL,170
345,3,CV,NULL,100,1,円形圧縮,19,0.183,"1,100",355,,,40,,住電日立,NULL,NULL,NULL,170
346,3,CV,NULL,150,1,円形圧縮,22,0.122,"1,550",455,,,40,,住電日立,NULL,NULL,NULL,170
347,3,CV,NULL,200,1,円形圧縮,26,0.0915,"2,050",545,,,40,,住電日立,NULL,NULL,NULL,170
348,3,CV,NULL,250,1,円形圧縮,28,0.0739,"2,500",620,,,40,,住電日立,NULL,NULL,NULL,170
349,3,CV,NULL,325,1,円形圧縮,31,0.0568,"3,200",725,,,40,,住電日立,NULL,NULL,NULL,170
350,3,CV,NULL,400,1,円形圧縮,34,0.0462,"3,950",815,,,40,,住電日立,NULL,NULL,NULL,170
351,3,CV,NULL,500,1,円形圧縮,38,0.0369,"4,900",920,,,40,,住電日立,NULL,NULL,NULL,170
352,3,CV,NULL,600,1,円形圧縮,41,0.0308,"5,850",1005,,,40,,住電日立,NULL,NULL,NULL,170
353,3,CV,NULL,800,1,円形/分割圧縮,47,0.0231,"7,850","1,175/1,285",,,40,,住電日立,NULL,NULL,NULL,170
354,3,CV,NULL,2,2,7/0.6,10.5,9.42,120,28,,,40,,住電日立,NULL,NULL,NULL,170
355,3,CV,NULL,3.5,2,7/0.8,11.5,5.3,160,39,,,40,,住電日立,NULL,NULL,NULL,170
356,3,CV,NULL,5.5,2,7/1.0,13.5,3.4,220,52,,,40,,住電日立,NULL,NULL,NULL,170
357,3,CV,NULL,8,2,7/1.2,15,2.36,290,65,,,40,,住電日立,NULL,NULL,NULL,170
358,3,CV,NULL,14,2,円形圧縮,16.5,1.34,410,91,,,40,,住電日立,NULL,NULL,NULL,170
359,3,CV,NULL,22,2,円形圧縮,19.5,0.849,600,120,,,40,,住電日立,NULL,NULL,NULL,170
360,3,CV,NULL,38,2,円形圧縮,24,0.491,950,170,,,40,,住電日立,NULL,NULL,NULL,170
361,3,CV,NULL,60,2,円形圧縮,29,0.311,1500,225,,,40,,住電日立,NULL,NULL,NULL,170
362,3,CV,NULL,100,2,円形圧縮,37,0.187,2450,310,,,40,,住電日立,NULL,NULL,NULL,170
363,3,CV,NULL,150,2,円形圧縮,43,0.124,3500,400,,,40,,住電日立,NULL,NULL,NULL,170
364,3,CV,NULL,200,2,円形圧縮,50,0.0933,4700,485,,,40,,住電日立,NULL,NULL,NULL,170
365,3,CV,NULL,250,2,円形圧縮,54,0.0754,5700,560,,,40,,住電日立,NULL,NULL,NULL,170
366,3,CV,NULL,325,2,円形圧縮,60,0.0579,7250,660,,,40,,住電日立,NULL,NULL,NULL,170
367,3,CV,NULL,2,3,7/0.6,11,9.42,150,23,,,40,,住電日立,NULL,NULL,NULL,170
368,3,CV,NULL,3.5,3,7/0.8,12.5,5.3,200,33,,,40,,住電日立,NULL,NULL,NULL,170
369,3,CV,NULL,5.5,3,7/1.0,14.5,3.4,290,44,,,40,,住電日立,NULL,NULL,NULL,170
370,3,CV,NULL,8,3,7/1.2,16,2.36,370,54,,,40,,住電日立,NULL,NULL,NULL,170
371,3,CV,NULL,14,3,円形圧縮,17.5,1.34,560,76,,,40,,住電日立,NULL,NULL,NULL,170
372,3,CV,NULL,22,3,円形圧縮,21,0.849,830,100,,,40,,住電日立,NULL,NULL,NULL,170
373,3,CV,NULL,38,3,円形圧縮,25,0.491,"1,350",140,,,40,,住電日立,NULL,NULL,NULL,170
374,3,CV,NULL,60,3,円形圧縮,31,0.311,"2,050",190,,,40,,住電日立,NULL,NULL,NULL,170
375,3,CV,NULL,100,3,円形圧縮,40,0.187,"3,400",260,,,40,,住電日立,NULL,NULL,NULL,170
376,3,CV,NULL,150,3,円形圧縮,46,0.124,"4,900",340,,,40,,住電日立,NULL,NULL,NULL,170
377,3,CV,NULL,200,3,円形圧縮,54,0.0933,"6,500",410,,,40,,住電日立,NULL,NULL,NULL,170
378,3,CV,NULL,250,3,円形圧縮,58,0.0754,"8,000",470,,,40,,住電日立,NULL,NULL,NULL,170
379,3,CV,NULL,325,3,円形圧縮,65,0.0579,"10,500",555,,,40,,住電日立,NULL,NULL,NULL,170
380,3,CV,NULL,2,4,7/0.6,12,9.42,180,23,,,40,,住電日立,NULL,NULL,NULL,170
381,3,CV,NULL,3.5,4,7/0.8,13.5,5.3,250,33,,,40,,住電日立,NULL,NULL,NULL,170
382,3,CV,NULL,5.5,4,7/1.0,16,3.4,360,44,,,40,,住電日立,NULL,NULL,NULL,170
383,3,CV,NULL,8,4,7/1.2,17,2.36,470,54,,,40,,住電日立,NULL,NULL,NULL,170
384,3,CV,NULL,14,4,円形圧縮,19,1.34,700,76,,,40,,住電日立,NULL,NULL,NULL,170
385,3,CV,NULL,22,4,円形圧縮,23,0.849,1100,100,,,40,,住電日立,NULL,NULL,NULL,170
386,3,CV,NULL,38,4,円形圧縮,28,0.491,1800,140,,,40,,住電日立,NULL,NULL,NULL,170
387,3,CV,NULL,60,4,円形圧縮,35,0.311,2700,190,,,40,,住電日立,NULL,NULL,NULL,170
388,3,CV,NULL,100,4,円形圧縮,44,0.187,4500,260,,,40,,住電日立,NULL,NULL,NULL,170
389,3,CV,NULL,150,4,円形圧縮,51,0.124,6400,340,,,40,,住電日立,NULL,NULL,NULL,170
390,3,CV,NULL,200,4,円形圧縮,60,0.0933,8600,410,,,40,,住電日立,NULL,NULL,NULL,170
391,3,CV,NULL,250,4,円形圧縮,65,0.0754,10500,470,,,40,,住電日立,NULL,NULL,NULL,170
392,3,CV,NULL,325,4,円形圧縮,72,0.0579,13500,555,,,40,,住電日立,NULL,NULL,NULL,170
393,4,CVV,NULL,1.25,2,7/0.45,9.1,16.8,95,,,,,,住電日立,NULL,NULL,NULL,170
394,4,CVV,NULL,1.25,3,7/0.45,9.6,16.8,115,,,,,,住電日立,NULL,NULL,NULL,170
395,4,CVV,NULL,1.25,4,7/0.45,10.5,16.8,135,,,,,,住電日立,NULL,NULL,NULL,170
396,4,CVV,NULL,1.25,5,7/0.45,11.5,16.8,160,,,,,,住電日立,NULL,NULL,NULL,170
397,4,CVV,NULL,1.25,6,7/0.45,12,16.8,185,,,,,,住電日立,NULL,NULL,NULL,170
398,4,CVV,NULL,1.25,7,7/0.45,12,16.8,195,,,,,,住電日立,NULL,NULL,NULL,170
399,4,CVV,NULL,1.25,8,7/0.45,13,16.8,225,,,,,,住電日立,NULL,NULL,NULL,170
400,4,CVV,NULL,1.25,10,7/0.45,15,16.8,275,,,,,,住電日立,NULL,NULL,NULL,170
401,4,CVV,NULL,1.25,12,7/0.45,15.5,16.8,315,,,,,,住電日立,NULL,NULL,NULL,170
402,4,CVV,NULL,1.25,15,7/0.45,17,16.8,375,,,,,,住電日立,NULL,NULL,NULL,170
403,4,CVV,NULL,1.25,20,7/0.45,18.5,16.8,475,,,,,,住電日立,NULL,NULL,NULL,170
404,4,CVV,NULL,1.25,30,7/0.45,23,16.8,695,,,,,,住電日立,NULL,NULL,NULL,170
405,4,CVV,NULL,2,2,7/0.6,10,9.42,125,,,,,,住電日立,NULL,NULL,NULL,170
406,4,CVV,NULL,2,3,7/0.6,11,9.42,150,,,,,,住電日立,NULL,NULL,NULL,170
407,4,CVV,NULL,2,4,7/0.6,11.5,9.42,180,,,,,,住電日立,NULL,NULL,NULL,170
408,4,CVV,NULL,2,5,7/0.6,12.5,9.42,215,,,,,,住電日立,NULL,NULL,NULL,170
409,4,CVV,NULL,2,6,7/0.6,13.5,9.42,255,,,,,,住電日立,NULL,NULL,NULL,170
410,4,CVV,NULL,2,7,7/0.6,13.5,9.42,275,,,,,,住電日立,NULL,NULL,NULL,170
411,4,CVV,NULL,2,8,7/0.6,14.5,9.42,315,,,,,,住電日立,NULL,NULL,NULL,170
412,4,CVV,NULL,2,10,7/0.6,17,9.42,385,,,,,,住電日立,NULL,NULL,NULL,170
413,4,CVV,NULL,2,12,7/0.6,17.5,9.42,445,,,,,,住電日立,NULL,NULL,NULL,170
414,4,CVV,NULL,2,15,7/0.6,19.5,9.42,535,,,,,,住電日立,NULL,NULL,NULL,170
415,4,CVV,NULL,2,20,7/0.6,21,9.42,680,,,,,,住電日立,NULL,NULL,NULL,170
416,4,CVV,NULL,2,30,7/0.6,26,9.42,1020,,,,,,住電日立,NULL,NULL,NULL,170
417,4,CVV,NULL,3.5,2,7/0.8,11.5,5.3,165,,,,,,住電日立,NULL,NULL,NULL,170
418,4,CVV,NULL,3.5,3,7/0.8,12,5.3,215,,,,,,住電日立,NULL,NULL,NULL,170
419,4,CVV,NULL,3.5,4,7/0.8,13,5.3,255,,,,,,住電日立,NULL,NULL,NULL,170
420,4,CVV,NULL,3.5,5,7/0.8,14,5.3,310,,,,,,住電日立,NULL,NULL,NULL,170
421,4,CVV,NULL,3.5,6,7/0.8,15.5,5.3,370,,,,,,住電日立,NULL,NULL,NULL,170
422,4,CVV,NULL,3.5,7,7/0.8,15.5,5.3,400,,,,,,住電日立,NULL,NULL,NULL,170
423,4,CVV,NULL,3.5,8,7/0.8,16.5,5.3,460,,,,,,住電日立,NULL,NULL,NULL,170
424,4,CVV,NULL,3.5,10,7/0.8,19.5,5.3,570,,,,,,住電日立,NULL,NULL,NULL,170
425,4,CVV,NULL,3.5,12,7/0.8,20,5.3,660,,,,,,住電日立,NULL,NULL,NULL,170
426,4,CVV,NULL,3.5,15,7/0.8,22,5.3,805,,,,,,住電日立,NULL,NULL,NULL,170
427,4,CVV,NULL,3.5,20,7/0.8,24,5.3,1050,,,,,,住電日立,NULL,NULL,NULL,170
428,4,CVV,NULL,3.5,30,7/0.8,30,5.3,1560,,,,,,住電日立,NULL,NULL,NULL,170
429,4,CVV,NULL,5.5,2,7/1.0,13.5,3.4,235,,,,,,住電日立,NULL,NULL,NULL,170
430,4,CVV,NULL,5.5,3,7/1.0,14,3.4,305,,,,,,住電日立,NULL,NULL,NULL,170
431,4,CVV,NULL,5.5,4,7/1.0,15.5,3.4,385,,,,,,住電日立,NULL,NULL,NULL,170
432,4,CVV,NULL,5.5,5,7/1.0,17,3.4,465,,,,,,住電日立,NULL,NULL,NULL,170
433,4,CVV,NULL,5.5,6,7/1.0,18.5,3.4,555,,,,,,住電日立,NULL,NULL,NULL,170
434,4,CVV,NULL,5.5,7,7/1.0,18.5,3.4,605,,,,,,住電日立,NULL,NULL,NULL,170
435,4,CVV,NULL,5.5,8,7/1.0,20,3.4,690,,,,,,住電日立,NULL,NULL,NULL,170
436,4,CVV,NULL,5.5,10,7/1.0,24,3.4,855,,,,,,住電日立,NULL,NULL,NULL,170
437,4,CVV,NULL,5.5,12,7/1.0,25,3.4,1000,,,,,,住電日立,NULL,NULL,NULL,170
438,4,CVV,NULL,5.5,15,7/1.0,27,3.4,1220,,,,,,住電日立,NULL,NULL,NULL,170
439,4,CVV,NULL,5.5,20,7/1.0,30,3.4,1600,,,,,,住電日立,NULL,NULL,NULL,170
440,5,CVV-S,NULL,1.25,2,7/0.45,9.6,16.8,120,,,,,,住電日立,NULL,NULL,NULL,170
441,5,CVV-S,NULL,1.25,3,7/0.45,10.5,16.8,140,,,,,,住電日立,NULL,NULL,NULL,170
442,5,CVV-S,NULL,1.25,4,7/0.45,11,16.8,160,,,,,,住電日立,NULL,NULL,NULL,170
443,5,CVV-S,NULL,1.25,5,7/0.45,12,16.8,190,,,,,,住電日立,NULL,NULL,NULL,170
444,5,CVV-S,NULL,1.25,6,7/0.45,13,16.8,220,,,,,,住電日立,NULL,NULL,NULL,170
445,5,CVV-S,NULL,1.25,7,7/0.45,13,16.8,230,,,,,,住電日立,NULL,NULL,NULL,170
446,5,CVV-S,NULL,1.25,8,7/0.45,13.5,16.8,260,,,,,,住電日立,NULL,NULL,NULL,170
447,5,CVV-S,NULL,1.25,10,7/0.45,15.5,16.8,320,,,,,,住電日立,NULL,NULL,NULL,170
448,5,CVV-S,NULL,1.25,12,7/0.45,16,16.8,355,,,,,,住電日立,NULL,NULL,NULL,170
449,5,CVV-S,NULL,1.25,15,7/0.45,17,16.8,420,,,,,,住電日立,NULL,NULL,NULL,170
450,5,CVV-S,NULL,1.25,20,7/0.45,19,16.8,525,,,,,,住電日立,NULL,NULL,NULL,170
451,5,CVV-S,NULL,1.25,30,7/0.45,23,16.8,750,,,,,,住電日立,NULL,NULL,NULL,170
452,5,CVV-S,NULL,2,2,7/0.6,10.5,9.42,150,,,,,,住電日立,NULL,NULL,NULL,170
453,5,CVV-S,NULL,2,3,7/0.6,11.5,9.42,180,,,,,,住電日立,NULL,NULL,NULL,170
454,5,CVV-S,NULL,2,4,7/0.6,12,9.42,210,,,,,,住電日立,NULL,NULL,NULL,170
455,5,CVV-S,NULL,2,5,7/0.6,13,9.42,250,,,,,,住電日立,NULL,NULL,NULL,170
456,5,CVV-S,NULL,2,6,7/0.6,14,9.42,290,,,,,,住電日立,NULL,NULL,NULL,170
457,5,CVV-S,NULL,2,7,7/0.6,14,9.42,310,,,,,,住電日立,NULL,NULL,NULL,170
458,5,CVV-S,NULL,2,8,7/0.6,15,9.42,355,,,,,,住電日立,NULL,NULL,NULL,170
459,5,CVV-S,NULL,2,10,7/0.6,17.5,9.42,430,,,,,,住電日立,NULL,NULL,NULL,170
460,5,CVV-S,NULL,2,12,7/0.6,18,9.42,490,,,,,,住電日立,NULL,NULL,NULL,170
461,5,CVV-S,NULL,2,15,7/0.6,19.5,9.42,585,,,,,,住電日立,NULL,NULL,NULL,170
462,5,CVV-S,NULL,2,20,7/0.6,22,9.42,745,,,,,,住電日立,NULL,NULL,NULL,170
463,5,CVV-S,NULL,2,30,7/0.6,26,9.42,1080,,,,,,住電日立,NULL,NULL,NULL,170
464,5,CVV-S,NULL,3.5,2,7/0.8,12,5.3,195,,,,,,住電日立,NULL,NULL,NULL,170
465,5,CVV-S,NULL,3.5,3,7/0.8,12.5,5.3,245,,,,,,住電日立,NULL,NULL,NULL,170
466,5,CVV-S,NULL,3.5,4,7/0.8,13.5,5.3,290,,,,,,住電日立,NULL,NULL,NULL,170
467,5,CVV-S,NULL,3.5,5,7/0.8,14.5,5.3,350,,,,,,住電日立,NULL,NULL,NULL,170
468,5,CVV-S,NULL,3.5,6,7/0.8,16,5.3,410,,,,,,住電日立,NULL,NULL,NULL,170
469,5,CVV-S,NULL,3.5,7,7/0.8,16,5.3,445,,,,,,住電日立,NULL,NULL,NULL,170
470,5,CVV-S,NULL,3.5,8,7/0.8,17,5.3,505,,,,,,住電日立,NULL,NULL,NULL,170
471,5,CVV-S,NULL,3.5,10,7/0.8,20,5.3,620,,,,,,住電日立,NULL,NULL,NULL,170
472,5,CVV-S,NULL,3.5,12,7/0.8,21,5.3,715,,,,,,住電日立,NULL,NULL,NULL,170
473,5,CVV-S,NULL,3.5,15,7/0.8,22,5.3,870,,,,,,住電日立,NULL,NULL,NULL,170
474,5,CVV-S,NULL,3.5,20,7/0.8,25,5.3,1120,,,,,,住電日立,NULL,NULL,NULL,170
475,5,CVV-S,NULL,3.5,30,7/0.8,30,5.3,1650,,,,,,住電日立,NULL,NULL,NULL,170
476,5,CVV-S,NULL,5.5,2,7/1.0,14,3.4,270,,,,,,住電日立,NULL,NULL,NULL,170
477,5,CVV-S,NULL,5.5,3,7/1.0,14.5,3.4,345,,,,,,住電日立,NULL,NULL,NULL,170
478,5,CVV-S,NULL,5.5,4,7/1.0,16,3.4,420,,,,,,住電日立,NULL,NULL,NULL,170
479,5,CVV-S,NULL,5.5,5,7/1.0,17.5,3.4,510,,,,,,住電日立,NULL,NULL,NULL,170
480,5,CVV-S,NULL,5.5,6,7/1.0,19,3.4,600,,,,,,住電日立,NULL,NULL,NULL,170
481,5,CVV-S,NULL,5.5,7,7/1.0,19,3.4,655,,,,,,住電日立,NULL,NULL,NULL,170
482,5,CVV-S,NULL,5.5,8,7/1.0,21,3.4,745,,,,,,住電日立,NULL,NULL,NULL,170
483,5,CVV-S,NULL,5.5,10,7/1.0,24,3.4,915,,,,,,住電日立,NULL,NULL,NULL,170
484,5,CVV-S,NULL,5.5,12,7/1.0,25,3.4,1070,,,,,,住電日立,NULL,NULL,NULL,170
485,5,CVV-S,NULL,5.5,15,7/1.0,27,3.4,1300,,,,,,住電日立,NULL,NULL,NULL,170
486,5,CVV-S,NULL,5.5,20,7/1.0,31,3.4,1680,,,,,,住電日立,NULL,NULL,NULL,170
487,6,CVT,NULL,8,3,7/1.2,19,2.36,410,,,,,,古河電工,NULL,NULL,NULL,170
488,6,CVT,NULL,14,3,円形圧縮,21,1.34,605,,,,,,古河電工,NULL,NULL,NULL,170
489,6,CVT,NULL,22,3,円形圧縮,24,0.849,880,,,,,,古河電工,NULL,NULL,NULL,170
490,6,CVT,NULL,38,3,円形圧縮,28,0.491,1380,,,,,,古河電工,NULL,NULL,NULL,170
491,6,CVT,NULL,60,3,円形圧縮,33,0.311,2100,,,,,,古河電工,NULL,NULL,NULL,170
492,6,CVT,NULL,100,3,円形圧縮,41,0.187,3380,,,,,,古河電工,NULL,NULL,NULL,170
493,6,CVT,NULL,150,3,円形圧縮,47,0.124,4860,,,,,,古河電工,NULL,NULL,NULL,170
494,6,CVT,NULL,200,3,円形圧縮,55,0.0933,6510,,,,,,古河電工,NULL,NULL,NULL,170
495,6,CVT,NULL,250,3,円形圧縮,60,0.0754,7990,,,,,,古河電工,NULL,NULL,NULL,170
496,6,CVT,NULL,325,3,円形圧縮,66,0.0579,10300,,,,,,古河電工,NULL,NULL,NULL,170
497,6,CVT,NULL,400,3,円形圧縮,72,0.0471,12600,,,,,,古河電工,NULL,NULL,NULL,170
498,6,CVT,NULL,500,3,円形圧縮,80,0.0376,15600,,,,,,古河電工,NULL,NULL,NULL,170
499,6,CVT,NULL,600,3,円形圧縮,86,0.0314,18600,,,,,,古河電工,NULL,NULL,NULL,170
500,10,MLFC,NULL,0.75,1,,2.8-3.8,,20,,19,22,,110℃,日立電線,NULL,NULL,NULL,170
501,10,MLFC,NULL,1.25,1,,3.1-4.1,80MΩ/km,25,,24,29,,110℃,日立電線,NULL,NULL,NULL,170
502,10,MLFC,NULL,2,1,,3.4-4.4,70MΩ/km,30,,34,41,,110℃,日立電線,NULL,NULL,NULL,170
503,10,MLFC,NULL,3.5,1,,4.0-5.2,60MΩ/km,50,,47,56,,110℃,日立電線,NULL,NULL,NULL,170
504,10,MLFC,NULL,5.5,1,,4.6-5.8,50MΩ/km,70,,63,74,,110℃,日立電線,NULL,NULL,NULL,170
505,10,MLFC,NULL,8,1,,5.2-6.4,50MΩ/km,100,,78,93,,110℃,日立電線,NULL,NULL,NULL,170
506,10,MLFC,NULL,14,1,,6.4-7.6,50MΩ/km,160,,113,134,,110℃,日立電線,NULL,NULL,NULL,170
507,10,MLFC,NULL,22,1,,8.9-10.3,40MΩ/km,260,,148,175,,110℃,日立電線,NULL,NULL,NULL,170
508,10,MLFC,NULL,30,1,,10.0-11.4,40MΩ/km,330,,,,,110℃,日立電線,NULL,NULL,NULL,170
509,10,MLFC,NULL,38,1,,11.0-12.4,40MΩ/km,410,,208,247,,110℃,日立電線,NULL,NULL,NULL,170
510,10,MLFC,NULL,50,1,,12.8-14.4,40MΩ/km,530,,,,,110℃,日立電線,NULL,NULL,NULL,170
511,10,MLFC,NULL,60,1,,14.0-15.6,30MΩ/km,650,,279,332,,110℃,日立電線,NULL,NULL,NULL,170
512,10,MLFC,NULL,80,1,,15.8-17.6,30MΩ/km,880,,,,,110℃,日立電線,NULL,NULL,NULL,170
513,10,MLFC,NULL,100,1,,18.5-20.3,30MΩ/km,1100,,384,455,,110℃,日立電線,NULL,NULL,NULL,170
514,10,MLFC,NULL,125,1,,20.0-22.2,30MΩ/km,1350,,,,,110℃,日立電線,NULL,NULL,NULL,170
515,10,MLFC,NULL,150,1,,21.7-22.2,20MΩ/km,1500,,509,604,,110℃,日立電線,NULL,NULL,NULL,170
516,10,MLFC,NULL,200,1,,25.1-26.9,20MΩ/km,2100,,605,717,,110℃,日立電線,NULL,NULL,NULL,170
517,10,MLFC,NULL,250,1,,28.0-26.9,20MΩ/km,2550,,717,850,,110℃,日立電線,NULL,NULL,NULL,170
518,10,MLFC,NULL,325,1,,30.8-33.2,20MΩ/km,3300,,838,994,,110℃,日立電線,NULL,NULL,NULL,170
519,18,CC-Link,FANC-110SBH/CM,0.8sq(AWG20),3,,7.6,34.5Ω/km,75,,,,,,,NULL,NULL,NULL,170
520,18,CC-Link,WR110SBH(屋外用),0.8sq(AWG20),3,,8.1,34.5Ω/km,70,,,,,75℃(定格),三菱ｼｽﾃﾑｻｰﾋﾞｽ,NULL,NULL,NULL,170
521,18,CC-Link,FANC-LT,0.75sq(AWG18),4,,10.16×2.54(ﾌﾗｯﾄ),22.7Ω/km,60,,,,,90℃(定格),三菱ｼｽﾃﾑｻｰﾋﾞｽ,NULL,NULL,NULL,170
522,18,CC-Link,FANC-Z/LT,0.75sq,4,,6.9,27.9Ω/km,70,,,,,105℃(定格),,NULL,NULL,NULL,170
523,18,CC-Link,PW110SBH,,,,12,,145,,,,,,,NULL,NULL,NULL,170
539,13,CPEV-S,NULL,Φ0.5,1P,,,,,,,,,,,NULL,NULL,NULL,170
540,13,CPEV-S,NULL,Φ0.5,2P,,,,,,,,,,,NULL,NULL,NULL,170
541,13,CPEV-S,NULL,Φ0.5,3P,,,,,,,,,,,NULL,NULL,NULL,170
542,13,CPEV-S,NULL,Φ0.5,5P,,,,,,,,,,,NULL,NULL,NULL,170
543,13,CPEV-S,NULL,Φ0.5,7P,,,,,,,,,,,NULL,NULL,NULL,170
544,13,CPEV-S,NULL,Φ0.5,10P,,,,,,,,,,,NULL,NULL,NULL,170
545,13,CPEV-S,NULL,Φ0.5,15P,,,,,,,,,,,NULL,NULL,NULL,170
546,13,CPEV-S,NULL,Φ0.5,20P,,,,,,,,,,,NULL,NULL,NULL,170
547,13,CPEV-S,NULL,Φ0.5,25P,,,,,,,,,,,NULL,NULL,NULL,170
548,13,CPEV-S,NULL,Φ0.5,30P,,,,,,,,,,,NULL,NULL,NULL,170
549,13,CPEV-S,NULL,Φ0.5,50P,,,,,,,,,,,NULL,NULL,NULL,170
550,13,CPEV-S,NULL,Φ0.5,75P,,,,,,,,,,,NULL,NULL,NULL,170
551,13,CPEV-S,NULL,Φ0.5,100P,,,,,,,,,,,NULL,NULL,NULL,170
552,13,CPEV-S,NULL,Φ0.65,1P,,,,,,,,,,,NULL,NULL,NULL,170
553,13,CPEV-S,NULL,Φ0.65,2P,,,,,,,,,,,NULL,NULL,NULL,170
554,13,CPEV-S,NULL,Φ0.65,3P,,,,,,,,,,,NULL,NULL,NULL,170
555,13,CPEV-S,NULL,Φ0.65,5P,,,,,,,,,,,NULL,NULL,NULL,170
556,13,CPEV-S,NULL,Φ0.65,7P,,,,,,,,,,,NULL,NULL,NULL,170
557,13,CPEV-S,NULL,Φ0.65,10P,,,,,,,,,,,NULL,NULL,NULL,170
558,13,CPEV-S,NULL,Φ0.65,15P,,,,,,,,,,,NULL,NULL,NULL,170
559,13,CPEV-S,NULL,Φ0.65,20P,,,,,,,,,,,NULL,NULL,NULL,170
560,13,CPEV-S,NULL,Φ0.65,25P,,,,,,,,,,,NULL,NULL,NULL,170
561,13,CPEV-S,NULL,Φ0.65,30P,,,,,,,,,,,NULL,NULL,NULL,170
562,13,CPEV-S,NULL,Φ0.65,50P,,,,,,,,,,,NULL,NULL,NULL,170
563,13,CPEV-S,NULL,Φ0.65,75P,,,,,,,,,,,NULL,NULL,NULL,170
564,13,CPEV-S,NULL,Φ0.65,100P,,,,,,,,,,,NULL,NULL,NULL,170
565,13,CPEV-S,NULL,Φ0.9,1P,,,,,,,,,,,NULL,NULL,NULL,170
566,13,CPEV-S,NULL,Φ0.9,2P,,,,,,,,,,,NULL,NULL,NULL,170
567,13,CPEV-S,NULL,Φ0.9,3P,,,,,,,,,,,NULL,NULL,NULL,170
568,13,CPEV-S,NULL,Φ0.9,5P,,,,,,,,,,,NULL,NULL,NULL,170
569,13,CPEV-S,NULL,Φ1.2,2P,,,,,,,,,,,NULL,NULL,NULL,170
570,13,CPEV-S,NULL,Φ0.9,2P,,,,,,,,,,,NULL,NULL,NULL,170
571,13,CPEV-S,NULL,Φ0.9,2P,,,,,,,,,,,NULL,NULL,NULL,170
572,13,CPEV-S,NULL,Φ0.9,2P,,,,,,,,,,,NULL,NULL,NULL,170
573,13,CPEV-S,NULL,Φ0.9,2P,,,,,,,,,,,NULL,NULL,NULL,170
574,13,CPEV-S,NULL,Φ0.9,2P,,,,,,,,,,,NULL,NULL,NULL,170
575,13,CPEV-S,NULL,Φ0.9,2P,,,,,,,,,,,NULL,NULL,NULL,170
576,13,CPEV-S,NULL,Φ0.9,2P,,,,,,,,,,,NULL,NULL,NULL,170
577,13,CPEV-S,NULL,Φ0.9,2P,,,,,,,,,,,NULL,NULL,NULL,170
578,13,CPEV-S,NULL,Φ0.9,2P,,,,,,,,,,,NULL,NULL,NULL,170
579,13,CPEV-S,NULL,Φ0.9,2P,,,,,,,,,,,NULL,NULL,NULL,170
580,13,CPEV-S,NULL,Φ0.9,2P,,,,,,,,,,,NULL,NULL,NULL,170
581,13,CPEV-S,NULL,Φ0.9,2P,,,,,,,,,,,NULL,NULL,NULL,170
582,13,CPEV-S,NULL,Φ0.9,2P,,,,,,,,,,,NULL,NULL,NULL,170
583,13,CPEV-S,NULL,Φ0.9,2P,,,,,,,,,,,NULL,NULL,NULL,170
584,13,CPEV-S,NULL,Φ0.9,2P,,,,,,,,,,,NULL,NULL,NULL,170
585,13,CPEV-S,NULL,Φ0.9,2P,,,,,,,,,,,NULL,NULL,NULL,170
586,13,CPEV-S,NULL,Φ0.9,2P,,,,,,,,,,,NULL,NULL,NULL,170
587,13,CPEV-S,NULL,Φ0.9,2P,,,,,,,,,,,NULL,NULL,NULL,170
588,13,CPEV-S,NULL,Φ0.9,2P,,,,,,,,,,,NULL,NULL,NULL,170
589,13,CPEV-S,NULL,Φ0.9,2P,,,,,,,,,,,NULL,NULL,NULL,170
590,13,CPEV-S,NULL,Φ0.9,2P,,,,,,,,,,,NULL,NULL,NULL,170
591,13,CPEV-S,NULL,Φ0.9,2P,,,,,,,,,,,NULL,NULL,NULL,170
592,13,CPEV-S,NULL,Φ0.9,2P,,,,,,,,,,,NULL,NULL,NULL,170
593,13,CPEV-S,NULL,Φ0.9,2P,,,,,,,,,,,NULL,NULL,NULL,170
594,13,CPEV-S,NULL,Φ0.9,2P,,,,,,,,,,,NULL,NULL,NULL,170
595,13,CPEV-S,NULL,Φ0.9,2P,,,,,,,,,,,NULL,NULL,NULL,170
596,13,CPEV-S,NULL,Φ0.9,2P,,,,,,,,,,,NULL,NULL,NULL,170
597,13,CPEV-S,NULL,Φ0.9,2P,,,,,,,,,,,NULL,NULL,NULL,170
598,13,CPEV-S,NULL,Φ0.9,2P,,,,,,,,,,,NULL,NULL,NULL,170
599,12,KPEV,NULL,Φ0.9,2P,,,,,,,,,,,NULL,NULL,NULL,170
600,12,KPEV,NULL,Φ0.9,2P,,,,,,,,,,,NULL,NULL,NULL,170
601,12,KPEV,NULL,Φ0.9,2P,,,,,,,,,,,NULL,NULL,NULL,170
602,12,KPEV,NULL,Φ0.9,2P,,,,,,,,,,,NULL,NULL,NULL,170
603,12,KPEV,NULL,Φ0.9,2P,,,,,,,,,,,NULL,NULL,NULL,170
604,12,KPEV,NULL,Φ0.9,2P,,,,,,,,,,,NULL,NULL,NULL,170
605,12,KPEV,NULL,Φ0.9,2P,,,,,,,,,,,NULL,NULL,NULL,170
606,12,KPEV,NULL,Φ0.9,2P,,,,,,,,,,,NULL,NULL,NULL,170
607,12,KPEV,NULL,Φ0.9,2P,,,,,,,,,,,NULL,NULL,NULL,170
608,12,KPEV,NULL,Φ0.9,2P,,,,,,,,,,,NULL,NULL,NULL,170
609,12,KPEV,NULL,Φ0.9,2P,,,,,,,,,,,NULL,NULL,NULL,170
610,12,KPEV,NULL,Φ0.9,2P,,,,,,,,,,,NULL,NULL,NULL,170
611,12,KPEV,NULL,Φ0.9,2P,,,,,,,,,,,NULL,NULL,NULL,170
612,12,KPEV,NULL,Φ0.9,2P,,,,,,,,,,,NULL,NULL,NULL,170
613,12,KPEV,NULL,Φ0.9,2P,,,,,,,,,,,NULL,NULL,NULL,170
614,12,KPEV,NULL,Φ0.9,2P,,,,,,,,,,,NULL,NULL,NULL,170
615,12,KPEV,NULL,Φ0.9,2P,,,,,,,,,,,NULL,NULL,NULL,170
616,12,KPEV,NULL,Φ0.9,2P,,,,,,,,,,,NULL,NULL,NULL,170
617,12,KPEV,NULL,Φ0.9,2P,,,,,,,,,,,NULL,NULL,NULL,170
618,12,KPEV,NULL,Φ0.9,2P,,,,,,,,,,,NULL,NULL,NULL,170
619,12,KPEV,NULL,Φ0.9,2P,,,,,,,,,,,NULL,NULL,NULL,170
620,12,KPEV,NULL,Φ0.9,2P,,,,,,,,,,,NULL,NULL,NULL,170
621,12,KPEV,NULL,Φ0.9,2P,,,,,,,,,,,NULL,NULL,NULL,170
622,12,KPEV,NULL,Φ0.9,2P,,,,,,,,,,,NULL,NULL,NULL,170
623,12,KPEV,NULL,Φ0.9,2P,,,,,,,,,,,NULL,NULL,NULL,170
624,12,KPEV,NULL,Φ0.9,2P,,,,,,,,,,,NULL,NULL,NULL,170
625,12,KPEV,NULL,Φ0.9,2P,,,,,,,,,,,NULL,NULL,NULL,170
626,12,KPEV,NULL,Φ0.9,2P,,,,,,,,,,,NULL,NULL,NULL,170
627,12,KPEV,NULL,Φ0.9,2P,,,,,,,,,,,NULL,NULL,NULL,170
628,12,KPEV,NULL,Φ0.9,2P,,,,,,,,,,,NULL,NULL,NULL,170
629,12,KPEV-S,NULL,Φ0.9,2P,,,,,,,,,,,NULL,NULL,NULL,170
630,12,KPEV-S,NULL,Φ0.9,2P,,,,,,,,,,,NULL,NULL,NULL,170
631,12,KPEV-S,NULL,Φ0.9,2P,,,,,,,,,,,NULL,NULL,NULL,170
632,12,KPEV-S,NULL,Φ0.9,2P,,,,,,,,,,,NULL,NULL,NULL,170
633,12,KPEV-S,NULL,Φ0.9,2P,,,,,,,,,,,NULL,NULL,NULL,170
634,12,KPEV-S,NULL,Φ0.9,2P,,,,,,,,,,,NULL,NULL,NULL,170
635,12,KPEV-S,NULL,Φ0.9,2P,,,,,,,,,,,NULL,NULL,NULL,170
636,12,KPEV-S,NULL,Φ0.9,2P,,,,,,,,,,,NULL,NULL,NULL,170
637,12,KPEV-S,NULL,Φ0.9,2P,,,,,,,,,,,NULL,NULL,NULL,170
638,12,KPEV-S,NULL,Φ0.9,2P,,,,,,,,,,,NULL,NULL,NULL,170
639,12,KPEV-S,NULL,Φ0.9,2P,,,,,,,,,,,NULL,NULL,NULL,170
640,12,KPEV-S,NULL,Φ0.9,2P,,,,,,,,,,,NULL,NULL,NULL,170
641,12,KPEV-S,NULL,Φ0.9,2P,,,,,,,,,,,NULL,NULL,NULL,170
642,12,KPEV-S,NULL,Φ0.9,2P,,,,,,,,,,,NULL,NULL,NULL,170
643,12,KPEV-S,NULL,Φ0.9,2P,,,,,,,,,,,NULL,NULL,NULL,170
644,12,KPEV-S,NULL,Φ0.9,2P,,,,,,,,,,,NULL,NULL,NULL,170
645,12,KPEV-S,NULL,Φ0.9,2P,,,,,,,,,,,NULL,NULL,NULL,170
646,12,KPEV-S,NULL,Φ0.9,2P,,,,,,,,,,,NULL,NULL,NULL,170
647,12,KPEV-S,NULL,Φ0.9,2P,,,,,,,,,,,NULL,NULL,NULL,170
648,12,KPEV-S,NULL,Φ0.9,2P,,,,,,,,,,,NULL,NULL,NULL,170
649,12,KPEV-S,NULL,Φ0.9,2P,,,,,,,,,,,NULL,NULL,NULL,170
650,12,KPEV-S,NULL,Φ0.9,2P,,,,,,,,,,,NULL,NULL,NULL,170
651,12,KPEV-S,NULL,Φ0.9,2P,,,,,,,,,,,NULL,NULL,NULL,170
652,12,KPEV-S,NULL,Φ0.9,2P,,,,,,,,,,,NULL,NULL,NULL,170
653,12,KPEV-S,NULL,Φ0.9,2P,,,,,,,,,,,NULL,NULL,NULL,170
654,12,KPEV-S,NULL,Φ0.9,2P,,,,,,,,,,,NULL,NULL,NULL,170
655,12,KPEV-S,NULL,Φ0.9,2P,,,,,,,,,,,NULL,NULL,NULL,170
656,12,KPEV-S,NULL,Φ0.9,2P,,,,,,,,,,,NULL,NULL,NULL,170
657,12,KPEV-S,NULL,Φ0.9,2P,,,,,,,,,,,NULL,NULL,NULL,170
658,12,KPEV-S,NULL,Φ0.9,2P,,,,,,,,,,,NULL,NULL,NULL,170
659,17,HIV,NULL,1.25,1,,,,,,,,,,,NULL,NULL,NULL,170
722,14,IV,NULL,1.25,1,,,,,,,,,,,NULL,NULL,NULL,170
723,20,VVF,NULL,Φ1.2,2,,,,,,,,,,,NULL,NULL,NULL,170
724,20,VVF,NULL,Φ1.2,2,,,,,,,,,,,NULL,NULL,NULL,170
725,20,VVF,NULL,Φ1.2,2,,,,,,,,,,,NULL,NULL,NULL,170
726,20,VVF,NULL,Φ1.2,2,,,,,,,,,,,NULL,NULL,NULL,170
727,20,VVF,NULL,Φ1.2,2,,,,,,,,,,,NULL,NULL,NULL,170
728,20,VVF,NULL,Φ1.2,2,,,,,,,,,,,NULL,NULL,NULL,170
729,20,VVF,NULL,Φ1.2,2,,,,,,,,,,,NULL,NULL,NULL,170
730,20,VVF,NULL,Φ1.2,2,,,,,,,,,,,NULL,NULL,NULL,170
731,20,VVF,NULL,Φ1.2,2,,,,,,,,,,,NULL,NULL,NULL,170
732,20,VVF,NULL,Φ1.2,2,,,,,,,,,,,NULL,NULL,NULL,170
733,20,VVF,NULL,Φ1.2,2,,,,,,,,,,,NULL,NULL,NULL,170
734,20,VVF,NULL,Φ1.2,2,,,,,,,,,,,NULL,NULL,NULL,170
735,20,VVF,NULL,Φ1.2,2,,,,,,,,,,,NULL,NULL,NULL,170
736,20,VVF,NULL,Φ1.2,2,,,,,,,,,,,NULL,NULL,NULL,170
737,20,VVF,NULL,Φ1.2,2,,,,,,,,,,,NULL,NULL,NULL,170
738,20,VVF,NULL,Φ1.2,2,,,,,,,,,,,NULL,NULL,NULL,170
739,20,VVF,NULL,Φ1.2,2,,,,,,,,,,,NULL,NULL,NULL,170
740,20,VVF,NULL,Φ1.2,2,,,,,,,,,,,NULL,NULL,NULL,170
741,20,VVF,NULL,Φ1.2,2,,,,,,,,,,,NULL,NULL,NULL,170
742,20,VVF,NULL,Φ1.2,2,,,,,,,,,,,NULL,NULL,NULL,170
743,21,VVR,NULL,Φ1.2,2,,,,,,,,,,,NULL,NULL,NULL,170
744,21,VVR,NULL,Φ1.2,2,,,,,,,,,,,NULL,NULL,NULL,170
745,21,VVR,NULL,Φ1.2,2,,,,,,,,,,,NULL,NULL,NULL,170
746,21,VVR,NULL,Φ1.2,2,,,,,,,,,,,NULL,NULL,NULL,170
747,21,VVR,NULL,Φ1.2,2,,,,,,,,,,,NULL,NULL,NULL,170
748,21,VVR,NULL,Φ1.2,2,,,,,,,,,,,NULL,NULL,NULL,170
749,21,VVR,NULL,Φ1.2,2,,,,,,,,,,,NULL,NULL,NULL,170
750,21,VVR,NULL,Φ1.2,2,,,,,,,,,,,NULL,NULL,NULL,170
751,21,VVR,NULL,Φ1.2,2,,,,,,,,,,,NULL,NULL,NULL,170
752,21,VVR,NULL,Φ1.2,2,,,,,,,,,,,NULL,NULL,NULL,170
753,21,VVR,NULL,Φ1.2,2,,,,,,,,,,,NULL,NULL,NULL,170
754,21,VVR,NULL,Φ1.2,2,,,,,,,,,,,NULL,NULL,NULL,170
755,21,VVR,NULL,Φ1.2,2,,,,,,,,,,,NULL,NULL,NULL,170
756,21,VVR,NULL,Φ1.2,2,,,,,,,,,,,NULL,NULL,NULL,170
757,21,VVR,NULL,Φ1.2,2,,,,,,,,,,,NULL,NULL,NULL,170
758,21,VVR,NULL,Φ1.2,2,,,,,,,,,,,NULL,NULL,NULL,170
759,21,VVR,NULL,Φ1.2,2,,,,,,,,,,,NULL,NULL,NULL,170
760,21,VVR,NULL,Φ1.2,2,,,,,,,,,,,NULL,NULL,NULL,170
761,21,VVR,NULL,Φ1.2,2,,,,,,,,,,,NULL,NULL,NULL,170
762,21,VVR,NULL,Φ1.2,2,,,,,,,,,,,NULL,NULL,NULL,170
763,21,VVR,NULL,Φ1.2,2,,,,,,,,,,,NULL,NULL,NULL,170
764,21,VVR,NULL,Φ1.6,2,,,,,,,,,,,NULL,NULL,NULL,170
765,21,VVR,NULL,Φ1.6,2,,,,,,,,,,,NULL,NULL,NULL,170
766,21,VVR,NULL,Φ1.6,2,,,,,,,,,,,NULL,NULL,NULL,170
767,13,CPEV-S,NULL,Φ0.9,7P,NULL,NULL,NULL,NULL,NULL,NULL,NULL,NULL,NULL,NULL,NULL,NULL,NULL,170
768,13,CPEV-S,NULL,Φ0.9,10P,NULL,NULL,NULL,NULL,NULL,NULL,NULL,NULL,NULL,NULL,NULL,NULL,NULL,170
769,13,CPEV-S,NULL,Φ0.9,15P,NULL,NULL,NULL,NULL,NULL,NULL,NULL,NULL,NULL,NULL,NULL,NULL,NULL,170
770,13,CPEV-S,NULL,Φ0.9,20P,NULL,NULL,NULL,NULL,NULL,NULL,NULL,NULL,NULL,NULL,NULL,NULL,NULL,170
771,13,CPEV-S,NULL,Φ0.9,25P,NULL,NULL,NULL,NULL,NULL,NULL,NULL,NULL,NULL,NULL,NULL,NULL,NULL,170
772,13,CPEV-S,NULL,Φ0.9,30P,NULL,NULL,NULL,NULL,NULL,NULL,NULL,NULL,NULL,NULL,NULL,NULL,NULL,170
773,13,CPEV-S,NULL,Φ0.9,50P,NULL,NULL,NULL,NULL,NULL,NULL,NULL,NULL,NULL,NULL,NULL,NULL,NULL,170
774,13,CPEV-S,NULL,Φ0.9,75P,NULL,NULL,NULL,NULL,NULL,NULL,NULL,NULL,NULL,NULL,NULL,NULL,NULL,170
775,13,CPEV-S,NULL,Φ0.9,100P,NULL,NULL,NULL,NULL,NULL,NULL,NULL,NULL,NULL,NULL,NULL,NULL,NULL,170
776,13,CPEV-S,NULL,Φ1.2,1P,NULL,NULL,NULL,NULL,NULL,NULL,NULL,NULL,NULL,NULL,NULL,NULL,NULL,170
777,13,CPEV-S,NULL,Φ1.2,2P,NULL,NULL,NULL,NULL,NULL,NULL,NULL,NULL,NULL,NULL,NULL,NULL,NULL,170
778,13,CPEV-S,NULL,Φ1.2,3P,NULL,NULL,NULL,NULL,NULL,NULL,NULL,NULL,NULL,NULL,NULL,NULL,NULL,170
779,13,CPEV-S,NULL,Φ1.2,5P,NULL,NULL,NULL,NULL,NULL,NULL,NULL,NULL,NULL,NULL,NULL,NULL,NULL,170
780,13,CPEV-S,NULL,Φ1.2,7P,NULL,NULL,NULL,NULL,NULL,NULL,NULL,NULL,NULL,NULL,NULL,NULL,NULL,170
781,13,CPEV-S,NULL,Φ1.2,10P,NULL,NULL,NULL,NULL,NULL,NULL,NULL,NULL,NULL,NULL,NULL,NULL,NULL,170
782,13,CPEV-S,NULL,Φ1.2,20P,NULL,NULL,NULL,NULL,NULL,NULL,NULL,NULL,NULL,NULL,NULL,NULL,NULL,170
783,13,CPEV-S,NULL,Φ1.2,25P,NULL,NULL,NULL,NULL,NULL,NULL,NULL,NULL,NULL,NULL,NULL,NULL,NULL,170
784,13,CPEV-S,NULL,Φ1.2,30P,NULL,NULL,NULL,NULL,NULL,NULL,NULL,NULL,NULL,NULL,NULL,NULL,NULL,170
785,13,CPEV-S,NULL,Φ1.2,50P,NULL,NULL,NULL,NULL,NULL,NULL,NULL,NULL,NULL,NULL,NULL,NULL,NULL,170
786,13,CPEV-S,NULL,Φ1.2,75P,NULL,NULL,NULL,NULL,NULL,NULL,NULL,NULL,NULL,NULL,NULL,NULL,NULL,170
787,13,CPEV-S,NULL,Φ1.2,100P,NULL,NULL,NULL,NULL,NULL,NULL,NULL,NULL,NULL,NULL,NULL,NULL,NULL,170
788,12,KNPEV-SB,NULL,0.5,1,NULL,NULL,NULL,NULL,NULL,NULL,NULL,NULL,NULL,NULL,NULL,NULL,NULL,170
789,12,KNPEV-SB,NULL,0.5,2,NULL,NULL,NULL,NULL,NULL,NULL,NULL,NULL,NULL,NULL,NULL,NULL,NULL,170
790,12,KNPEV-SB,NULL,0.5,3,NULL,NULL,NULL,NULL,NULL,NULL,NULL,NULL,NULL,NULL,NULL,NULL,NULL,170
791,12,KNPEV-SB,NULL,0.5,4,NULL,NULL,NULL,NULL,NULL,NULL,NULL,NULL,NULL,NULL,NULL,NULL,NULL,170
792,12,KNPEV-SB,NULL,0.5,5,NULL,NULL,NULL,NULL,NULL,NULL,NULL,NULL,NULL,NULL,NULL,NULL,NULL,170
793,12,KNPEV-SB,NULL,0.5,7,NULL,NULL,NULL,NULL,NULL,NULL,NULL,NULL,NULL,NULL,NULL,NULL,NULL,170
794,12,KNPEV-SB,NULL,0.5,10,NULL,NULL,NULL,NULL,NULL,NULL,NULL,NULL,NULL,NULL,NULL,NULL,NULL,170
795,12,KNPEV-SB,NULL,0.5,15,NULL,NULL,NULL,NULL,NULL,NULL,NULL,NULL,NULL,NULL,NULL,NULL,NULL,170
796,12,KNPEV-SB,NULL,0.5,20,NULL,NULL,NULL,NULL,NULL,NULL,NULL,NULL,NULL,NULL,NULL,NULL,NULL,170
797,12,KNPEV-SB,NULL,0.5,25,NULL,NULL,NULL,NULL,NULL,NULL,NULL,NULL,NULL,NULL,NULL,NULL,NULL,170
798,12,KNPEV-SB,NULL,0.5,30,NULL,NULL,NULL,NULL,NULL,NULL,NULL,NULL,NULL,NULL,NULL,NULL,NULL,170
799,12,KNPEV-SB,NULL,0.5,40,NULL,NULL,NULL,NULL,NULL,NULL,NULL,NULL,NULL,NULL,NULL,NULL,NULL,170
800,12,KNPEV-SB,NULL,0.5,50,NULL,NULL,NULL,NULL,NULL,NULL,NULL,NULL,NULL,NULL,NULL,NULL,NULL,170
801,12,KNPEV-SB,NULL,0.75,1,NULL,NULL,NULL,NULL,NULL,NULL,NULL,NULL,NULL,NULL,NULL,NULL,NULL,170
802,12,KNPEV-SB,NULL,0.75,2,NULL,NULL,NULL,NULL,NULL,NULL,NULL,NULL,NULL,NULL,NULL,NULL,NULL,170
803,12,KNPEV-SB,NULL,0.75,3,NULL,NULL,NULL,NULL,NULL,NULL,NULL,NULL,NULL,NULL,NULL,NULL,NULL,170
804,12,KNPEV-SB,NULL,0.75,4,NULL,NULL,NULL,NULL,NULL,NULL,NULL,NULL,NULL,NULL,NULL,NULL,NULL,170
805,12,KNPEV-SB,NULL,0.75,5,NULL,NULL,NULL,NULL,NULL,NULL,NULL,NULL,NULL,NULL,NULL,NULL,NULL,170
806,12,KNPEV-SB,NULL,0.75,7,NULL,NULL,NULL,NULL,NULL,NULL,NULL,NULL,NULL,NULL,NULL,NULL,NULL,170
807,12,KNPEV-SB,NULL,0.75,10,NULL,NULL,NULL,NULL,NULL,NULL,NULL,NULL,NULL,NULL,NULL,NULL,NULL,170
808,12,KNPEV-SB,NULL,0.75,15,NULL,NULL,NULL,NULL,NULL,NULL,NULL,NULL,NULL,NULL,NULL,NULL,NULL,170
809,12,KNPEV-SB,NULL,0.75,20,NULL,NULL,NULL,NULL,NULL,NULL,NULL,NULL,NULL,NULL,NULL,NULL,NULL,170
810,12,KNPEV-SB,NULL,0.75,25,NULL,NULL,NULL,NULL,NULL,NULL,NULL,NULL,NULL,NULL,NULL,NULL,NULL,170
811,12,KNPEV-SB,NULL,0.75,30,NULL,NULL,NULL,NULL,NULL,NULL,NULL,NULL,NULL,NULL,NULL,NULL,NULL,170
812,12,KNPEV-SB,NULL,0.75,40,NULL,NULL,NULL,NULL,NULL,NULL,NULL,NULL,NULL,NULL,NULL,NULL,NULL,170
813,12,KNPEV-SB,NULL,0.75,50,NULL,NULL,NULL,NULL,NULL,NULL,NULL,NULL,NULL,NULL,NULL,NULL,NULL,170
814,12,KNPEV-SB,NULL,0.9,1,NULL,NULL,NULL,NULL,NULL,NULL,NULL,NULL,NULL,NULL,NULL,NULL,NULL,170
815,12,KNPEV-SB,NULL,0.9,2,NULL,NULL,NULL,NULL,NULL,NULL,NULL,NULL,NULL,NULL,NULL,NULL,NULL,170
816,12,KNPEV-SB,NULL,0.9,3,NULL,NULL,NULL,NULL,NULL,NULL,NULL,NULL,NULL,NULL,NULL,NULL,NULL,170
817,12,KNPEV-SB,NULL,0.9,4,NULL,NULL,NULL,NULL,NULL,NULL,NULL,NULL,NULL,NULL,NULL,NULL,NULL,170
818,12,KNPEV-SB,NULL,0.9,5,NULL,NULL,NULL,NULL,NULL,NULL,NULL,NULL,NULL,NULL,NULL,NULL,NULL,170
819,12,KNPEV-SB,NULL,0.9,7,NULL,NULL,NULL,NULL,NULL,NULL,NULL,NULL,NULL,NULL,NULL,NULL,NULL,170
820,12,KNPEV-SB,NULL,0.9,10,NULL,NULL,NULL,NULL,NULL,NULL,NULL,NULL,NULL,NULL,NULL,NULL,NULL,170
821,12,KNPEV-SB,NULL,0.9,15,NULL,NULL,NULL,NULL,NULL,NULL,NULL,NULL,NULL,NULL,NULL,NULL,NULL,170
822,12,KNPEV-SB,NULL,0.9,20,NULL,NULL,NULL,NULL,NULL,NULL,NULL,NULL,NULL,NULL,NULL,NULL,NULL,170
823,12,KNPEV-SB,NULL,0.9,25,NULL,NULL,NULL,NULL,NULL,NULL,NULL,NULL,NULL,NULL,NULL,NULL,NULL,170
824,12,KNPEV-SB,NULL,0.9,30,NULL,NULL,NULL,NULL,NULL,NULL,NULL,NULL,NULL,NULL,NULL,NULL,NULL,170
825,12,KNPEV-SB,NULL,1.25,1,NULL,NULL,NULL,NULL,NULL,NULL,NULL,NULL,NULL,NULL,NULL,NULL,NULL,170
826,12,KNPEV-SB,NULL,1.25,2,NULL,NULL,NULL,NULL,NULL,NULL,NULL,NULL,NULL,NULL,NULL,NULL,NULL,170
827,12,KNPEV-SB,NULL,1.25,3,NULL,NULL,NULL,NULL,NULL,NULL,NULL,NULL,NULL,NULL,NULL,NULL,NULL,170
828,12,KNPEV-SB,NULL,1.25,4,NULL,NULL,NULL,NULL,NULL,NULL,NULL,NULL,NULL,NULL,NULL,NULL,NULL,170
829,12,KNPEV-SB,NULL,1.25,5,NULL,NULL,NULL,NULL,NULL,NULL,NULL,NULL,NULL,NULL,NULL,NULL,NULL,170
830,12,KNPEV-SB,NULL,1.25,7,NULL,NULL,NULL,NULL,NULL,NULL,NULL,NULL,NULL,NULL,NULL,NULL,NULL,170
831,12,KNPEV-SB,NULL,1.25,10,NULL,NULL,NULL,NULL,NULL,NULL,NULL,NULL,NULL,NULL,NULL,NULL,NULL,170
832,12,KNPEV-SB,NULL,1.25,15,NULL,NULL,NULL,NULL,NULL,NULL,NULL,NULL,NULL,NULL,NULL,NULL,NULL,170
833,12,KNPEV-SB,NULL,1.25,20,NULL,NULL,NULL,NULL,NULL,NULL,NULL,NULL,NULL,NULL,NULL,NULL,NULL,170
834,12,KNPEV-SB,NULL,1.25,25,NULL,NULL,NULL,NULL,NULL,NULL,NULL,NULL,NULL,NULL,NULL,NULL,NULL,170
835,12,KNPEV-SB,NULL,1.25,30,NULL,NULL,NULL,NULL,NULL,NULL,NULL,NULL,NULL,NULL,NULL,NULL,NULL,170
836,12,KNPEV-SB,NULL,2.0,1,NULL,NULL,NULL,NULL,NULL,NULL,NULL,NULL,NULL,NULL,NULL,NULL,NULL,170
837,12,KNPEV-SB,NULL,2.0,2,NULL,NULL,NULL,NULL,NULL,NULL,NULL,NULL,NULL,NULL,NULL,NULL,NULL,170
838,12,KNPEV-SB,NULL,2.0,3,NULL,NULL,NULL,NULL,NULL,NULL,NULL,NULL,NULL,NULL,NULL,NULL,NULL,170
839,12,KNPEV-SB,NULL,2.0,4,NULL,NULL,NULL,NULL,NULL,NULL,NULL,NULL,NULL,NULL,NULL,NULL,NULL,170
840,12,KNPEV-SB,NULL,2.0,5,NULL,NULL,NULL,NULL,NULL,NULL,NULL,NULL,NULL,NULL,NULL,NULL,NULL,170
841,12,KNPEV-SB,NULL,2.0,7,NULL,NULL,NULL,NULL,NULL,NULL,NULL,NULL,NULL,NULL,NULL,NULL,NULL,170
842,12,KNPEV-SB,NULL,2.0,10,NULL,NULL,NULL,NULL,NULL,NULL,NULL,NULL,NULL,NULL,NULL,NULL,NULL,170
843,12,KNPEV-SB,NULL,2.0,15,NULL,NULL,NULL,NULL,NULL,NULL,NULL,NULL,NULL,NULL,NULL,NULL,NULL,170
844,12,KNPEV-SB,NULL,2.0,20,NULL,NULL,NULL,NULL,NULL,NULL,NULL,NULL,NULL,NULL,NULL,NULL,NULL,170
845,17,HIV,NULL,0.9,1,NULL,NULL,NULL,NULL,NULL,NULL,NULL,NULL,NULL,NULL,NULL,NULL,NULL,170
846,17,HIV,NULL,1.25,1,NULL,NULL,NULL,NULL,NULL,NULL,NULL,NULL,NULL,NULL,NULL,NULL,NULL,170
847,17,HIV,NULL,2,1,NULL,NULL,NULL,NULL,NULL,NULL,NULL,NULL,NULL,NULL,NULL,NULL,NULL,170
848,17,HIV,NULL,3.5,1,NULL,NULL,NULL,NULL,NULL,NULL,NULL,NULL,NULL,NULL,NULL,NULL,NULL,170
849,17,HIV,NULL,5.5,1,NULL,NULL,NULL,NULL,NULL,NULL,NULL,NULL,NULL,NULL,NULL,NULL,NULL,170
850,17,HIV,NULL,8,1,NULL,NULL,NULL,NULL,NULL,NULL,NULL,NULL,NULL,NULL,NULL,NULL,NULL,170
851,17,HIV,NULL,14,1,NULL,NULL,NULL,NULL,NULL,NULL,NULL,NULL,NULL,NULL,NULL,NULL,NULL,170
852,17,HIV,NULL,22,1,NULL,NULL,NULL,NULL,NULL,NULL,NULL,NULL,NULL,NULL,NULL,NULL,NULL,170
853,17,HIV,NULL,38,1,NULL,NULL,NULL,NULL,NULL,NULL,NULL,NULL,NULL,NULL,NULL,NULL,NULL,170
854,17,HIV,NULL,60,1,NULL,NULL,NULL,NULL,NULL,NULL,NULL,NULL,NULL,NULL,NULL,NULL,NULL,170
855,17,HIV,NULL,100,1,NULL,NULL,NULL,NULL,NULL,NULL,NULL,NULL,NULL,NULL,NULL,NULL,NULL,170
856,17,HIV,NULL,150,1,NULL,NULL,NULL,NULL,NULL,NULL,NULL,NULL,NULL,NULL,NULL,NULL,NULL,170
857,17,HIV,NULL,200,1,NULL,NULL,NULL,NULL,NULL,NULL,NULL,NULL,NULL,NULL,NULL,NULL,NULL,170
858,17,HIV,NULL,250,1,NULL,NULL,NULL,NULL,NULL,NULL,NULL,NULL,NULL,NULL,NULL,NULL,NULL,170
859,17,HIV,NULL,325,1,NULL,NULL,NULL,NULL,NULL,NULL,NULL,NULL,NULL,NULL,NULL,NULL,NULL,170
860,14,IV,NULL,0.9,1,NULL,NULL,NULL,NULL,NULL,NULL,NULL,NULL,NULL,NULL,NULL,NULL,NULL,170
862,14,IV,NULL,2,1,NULL,NULL,NULL,NULL,NULL,NULL,NULL,NULL,NULL,NULL,NULL,NULL,NULL,170
863,14,IV,NULL,3.5,1,NULL,NULL,NULL,NULL,NULL,NULL,NULL,NULL,NULL,NULL,NULL,NULL,NULL,170
864,14,IV,NULL,5.5,1,NULL,NULL,NULL,NULL,NULL,NULL,NULL,NULL,NULL,NULL,NULL,NULL,NULL,170
865,14,IV,NULL,8,1,NULL,NULL,NULL,NULL,NULL,NULL,NULL,NULL,NULL,NULL,NULL,NULL,NULL,170
866,14,IV,NULL,14,1,NULL,NULL,NULL,NULL,NULL,NULL,NULL,NULL,NULL,NULL,NULL,NULL,NULL,170
867,14,IV,NULL,22,1,NULL,NULL,NULL,NULL,NULL,NULL,NULL,NULL,NULL,NULL,NULL,NULL,NULL,170
868,14,IV,NULL,38,1,NULL,NULL,NULL,NULL,NULL,NULL,NULL,NULL,NULL,NULL,NULL,NULL,NULL,170
869,14,IV,NULL,60,1,NULL,NULL,NULL,NULL,NULL,NULL,NULL,NULL,NULL,NULL,NULL,NULL,NULL,170
870,14,IV,NULL,100,1,NULL,NULL,NULL,NULL,NULL,NULL,NULL,NULL,NULL,NULL,NULL,NULL,NULL,170
871,14,IV,NULL,150,1,NULL,NULL,NULL,NULL,NULL,NULL,NULL,NULL,NULL,NULL,NULL,NULL,NULL,170
872,14,IV,NULL,200,1,NULL,NULL,NULL,NULL,NULL,NULL,NULL,NULL,NULL,NULL,NULL,NULL,NULL,170
873,14,IV,NULL,250,1,NULL,NULL,NULL,NULL,NULL,NULL,NULL,NULL,NULL,NULL,NULL,NULL,NULL,170
874,14,IV,NULL,325,1,NULL,NULL,NULL,NULL,NULL,NULL,NULL,NULL,NULL,NULL,NULL,NULL,NULL,170
875,16,KIV,NULL,0.5,1,NULL,NULL,NULL,NULL,NULL,NULL,NULL,NULL,NULL,NULL,NULL,NULL,NULL,170
876,16,KIV,NULL,0.75,1,NULL,NULL,NULL,NULL,NULL,NULL,NULL,NULL,NULL,NULL,NULL,NULL,NULL,170
877,16,KIV,NULL,1.25,1,NULL,NULL,NULL,NULL,NULL,NULL,NULL,NULL,NULL,NULL,NULL,NULL,NULL,170
878,16,KIV,NULL,2.0,1,NULL,NULL,NULL,NULL,NULL,NULL,NULL,NULL,NULL,NULL,NULL,NULL,NULL,170
879,16,KIV,NULL,3.5,1,NULL,NULL,NULL,NULL,NULL,NULL,NULL,NULL,NULL,NULL,NULL,NULL,NULL,170
880,16,KIV,NULL,5.5,1,NULL,NULL,NULL,NULL,NULL,NULL,NULL,NULL,NULL,NULL,NULL,NULL,NULL,170
881,16,KIV,NULL,8,1,NULL,NULL,NULL,NULL,NULL,NULL,NULL,NULL,NULL,NULL,NULL,NULL,NULL,170
882,16,KIV,NULL,14,1,NULL,NULL,NULL,NULL,NULL,NULL,NULL,NULL,NULL,NULL,NULL,NULL,NULL,170
883,16,KIV,NULL,22,1,NULL,NULL,NULL,NULL,NULL,NULL,NULL,NULL,NULL,NULL,NULL,NULL,NULL,170
884,16,KIV,NULL,38,1,NULL,NULL,NULL,NULL,NULL,NULL,NULL,NULL,NULL,NULL,NULL,NULL,NULL,170
885,16,KIV,NULL,60,1,NULL,NULL,NULL,NULL,NULL,NULL,NULL,NULL,NULL,NULL,NULL,NULL,NULL,170
886,16,KIV,NULL,100,1,NULL,NULL,NULL,NULL,NULL,NULL,NULL,NULL,NULL,NULL,NULL,NULL,NULL,170
887,16,KIV,NULL,150,1,NULL,NULL,NULL,NULL,NULL,NULL,NULL,NULL,NULL,NULL,NULL,NULL,NULL,170
888,16,KIV,NULL,200,1,NULL,NULL,NULL,NULL,NULL,NULL,NULL,NULL,NULL,NULL,NULL,NULL,NULL,170
912,20,VVF,,1.6,2,NULL,NULL,NULL,NULL,NULL,NULL,NULL,NULL,NULL,NULL,NULL,NULL,NULL,170
913,20,VVF,NULL,1.6,3,NULL,NULL,NULL,NULL,NULL,NULL,NULL,NULL,NULL,NULL,NULL,NULL,NULL,170
914,20,VVF,NULL,1.6,4,NULL,NULL,NULL,NULL,NULL,NULL,NULL,NULL,NULL,NULL,NULL,NULL,NULL,170
915,20,VVF,NULL,2.0,2,NULL,NULL,NULL,NULL,NULL,NULL,NULL,NULL,NULL,NULL,NULL,NULL,NULL,170
916,20,VVF,NULL,2.0,3,NULL,NULL,NULL,NULL,NULL,NULL,NULL,NULL,NULL,NULL,NULL,NULL,NULL,170
917,20,VVF,NULL,2.0,4,NULL,NULL,NULL,NULL,NULL,NULL,NULL,NULL,NULL,NULL,NULL,NULL,NULL,170
918,20,VVF,NULL,2.6,2,NULL,NULL,NULL,NULL,NULL,NULL,NULL,NULL,NULL,NULL,NULL,NULL,NULL,170
919,20,VVF,NULL,2.6,3,NULL,NULL,NULL,NULL,NULL,NULL,NULL,NULL,NULL,NULL,NULL,NULL,NULL,170
920,20,VVF,NULL,2.6,4,NULL,NULL,NULL,NULL,NULL,NULL,NULL,NULL,NULL,NULL,NULL,NULL,NULL,170
921,21,VVR,NULL,1.6,2,NULL,NULL,NULL,NULL,NULL,NULL,NULL,NULL,NULL,NULL,NULL,NULL,NULL,170
922,21,VVR,NULL,1.6,3,NULL,NULL,NULL,NULL,NULL,NULL,NULL,NULL,NULL,NULL,NULL,NULL,NULL,170
923,21,VVR,NULL,1.6,4,NULL,NULL,NULL,NULL,NULL,NULL,NULL,NULL,NULL,NULL,NULL,NULL,NULL,170
924,21,VVR,NULL,2.0,2,NULL,NULL,NULL,NULL,NULL,NULL,NULL,NULL,NULL,NULL,NULL,NULL,NULL,170
925,21,VVR,NULL,2.0,3,NULL,NULL,NULL,NULL,NULL,NULL,NULL,NULL,NULL,NULL,NULL,NULL,NULL,170
926,21,VVR,NULL,2.0,4,NULL,NULL,NULL,NULL,NULL,NULL,NULL,NULL,NULL,NULL,NULL,NULL,NULL,170
927,21,VVR,NULL,2.6,2,NULL,NULL,NULL,NULL,NULL,NULL,NULL,NULL,NULL,NULL,NULL,NULL,NULL,170
928,21,VVR,NULL,2.6,3,NULL,NULL,NULL,NULL,NULL,NULL,NULL,NULL,NULL,NULL,NULL,NULL,NULL,170
929,21,VVR,NULL,2.6,4,NULL,NULL,NULL,NULL,NULL,NULL,NULL,NULL,NULL,NULL,NULL,NULL,NULL,170
930,19,ﾛｰﾄﾞｾﾙ,VSV-B4(100m),NULL,4,NULL,NULL,NULL,NULL,NULL,NULL,NULL,NULL,NULL,NULL,NULL,NULL,NULL,170
931,19,ﾛｰﾄﾞｾﾙ,VSV-B4-5m,NULL,4,NULL,NULL,NULL,NULL,NULL,NULL,NULL,NULL,NULL,NULL,NULL,NULL,NULL,170
932,19,ﾛｰﾄﾞｾﾙ,VSV-B4-10m,NULL,4,NULL,NULL,NULL,NULL,NULL,NULL,NULL,NULL,NULL,NULL,NULL,NULL,NULL,170
933,19,ﾛｰﾄﾞｾﾙ,VSV-B6(100m),NULL,6,NULL,NULL,NULL,NULL,NULL,NULL,NULL,NULL,NULL,NULL,NULL,NULL,NULL,170
934,19,ﾛｰﾄﾞｾﾙ,VSV-B6-5m,NULL,6,NULL,NULL,NULL,NULL,NULL,NULL,NULL,NULL,NULL,NULL,NULL,NULL,NULL,170
935,19,ﾛｰﾄﾞｾﾙ,VSV-B6-10m,NULL,6,NULL,NULL,NULL,NULL,NULL,NULL,NULL,NULL,NULL,NULL,NULL,NULL,NULL,170
936,1,VCT,NULL,0.75,1,NULL,0,0,NULL,NULL,NULL,NULL,NULL,NULL,NULL,NULL,NULL,NULL,0
937,1,VCT,NULL,1.25,1,NULL,0,0,NULL,NULL,NULL,NULL,NULL,NULL,NULL,NULL,NULL,NULL,0
938,1,VCT,NULL,2,1,NULL,0,0,NULL,NULL,NULL,NULL,NULL,NULL,NULL,NULL,NULL,NULL,0
939,1,VCT,NULL,3.5,1,NULL,0,0,NULL,NULL,NULL,NULL,NULL,NULL,NULL,NULL,NULL,NULL,0
940,1,VCT,NULL,5.5,1,NULL,0,0,NULL,NULL,NULL,NULL,NULL,NULL,NULL,NULL,NULL,NULL,0
941,1,VCT,NULL,8,1,NULL,0,0,NULL,NULL,NULL,NULL,NULL,NULL,NULL,NULL,NULL,NULL,0
942,1,VCT,NULL,14,1,NULL,0,0,NULL,NULL,NULL,NULL,NULL,NULL,NULL,NULL,NULL,NULL,0
943,1,VCT,NULL,22,1,NULL,0,0,NULL,NULL,NULL,NULL,NULL,NULL,NULL,NULL,NULL,NULL,0
944,1,VCT,NULL,38,1,NULL,0,0,NULL,NULL,NULL,NULL,NULL,NULL,NULL,NULL,NULL,NULL,0
945,1,VCT,NULL,60,1,NULL,0,0,NULL,NULL,NULL,NULL,NULL,NULL,NULL,NULL,NULL,NULL,0
946,1,VCT,NULL,100,1,NULL,0,0,NULL,NULL,NULL,NULL,NULL,NULL,NULL,NULL,NULL,NULL,0
